# https://github.com/mikedh/trimesh

o assembly_new_without_6_7_8_9_10_11.obj
v 7.56795569 6.70790225 -6.98781688
v 7.57692907 6.89663994 -6.93927251
v 7.60242749 7.05214123 -6.82425206
v 7.64058858 7.15073379 -6.66028828
v 7.68560690 7.17740719 -6.47233331
v 11.14034787 7.20348502 -6.90012875
v 14.62583132 7.20982555 -7.00414221
v 18.11176742 7.20349053 -6.90021901
v 21.56845003 7.17740719 -6.47233331
v 21.61346921 7.15073394 -6.66029084
v 21.65163035 7.05214136 -6.82425420
v 21.67712880 6.89664006 -6.93927437
v 21.68610124 6.70790225 -6.98781688
v 18.14329055 6.73477928 -7.42872268
v 14.62582154 6.74117481 -7.53363868
v 11.10881447 6.73477384 -7.42863354
v 8.75293424 6.87284153 -7.16887201
v 8.80347888 7.18417002 -6.78760221
v 20.43279061 6.87341535 -7.17828523
v 20.38347341 7.18473356 -6.79684682
v 8.78535682 7.14232478 -6.92004483
v 8.76985596 7.06504043 -7.03585766
v 8.76265250 7.00709147 -7.09101494
v 13.69746059 7.20372678 -7.10842217
v 13.69547483 7.16195732 -7.24210794
v 13.69377551 7.08473778 -7.35898415
v 13.69298398 7.02681896 -7.41463568
v 13.69192451 6.89260965 -7.49315918
v 9.97041257 6.88129245 -7.30750555
v 9.97686972 7.01551933 -7.22927030
v 9.98165607 7.07345117 -7.17383230
v 9.99195557 7.15069872 -7.05741564
v 10.00399670 7.19250094 -6.92426716
v 18.48720057 7.19629126 -6.98644574
v 18.49657175 7.15450225 -7.11981094
v 18.50458770 7.07726600 -7.23641290
v 18.50831336 7.01933940 -7.29193688
v 18.51333721 6.88511963 -7.37028875
v 20.42330850 7.00766331 -7.10039569
v 20.41627990 7.06561080 -7.04521441
v 20.40115541 7.14289200 -6.92934988
v 7.62678129 7.09575968 -6.23387885
v 7.58371796 6.90226319 -6.06746985
v 7.56795569 6.64876494 -6.01769547
v 11.10999058 6.62188977 -5.57682020
v 14.62629261 6.61549241 -5.47187420
v 18.14332201 6.62188657 -5.57676771
v 21.68610124 6.64876494 -6.01769547
v 21.67033897 6.90226319 -6.06746985
v 21.62727564 7.09575968 -6.23387885
v 18.11180585 7.15132260 -6.04442720
v 14.62629854 7.14498886 -5.94052493
v 11.14151680 7.15132574 -6.04447878
v 9.51276658 7.12611029 -6.02852244
v 9.47677310 6.74144664 -5.71933450
v 13.88712833 7.11175695 -5.79306230
v 11.85212304 6.73060815 -5.54153392
v 8.02647486 6.75405073 -5.92609907
v 8.03570643 6.88770114 -5.96700636
v 8.05130725 7.00450338 -6.04277410
v 8.06264644 7.06009185 -6.09963179
v 8.08835539 7.13848041 -6.23144884
v 11.85449255 6.86430760 -5.58324564
v 11.85850842 6.98119255 -5.66037031
v 11.86142667 7.03684116 -5.71821439
v 11.86804178 7.11536606 -5.85226814
v 10.15088407 7.12231017 -5.96618315
v 10.13875984 7.04380756 -5.83249507
v 10.13341243 6.98816877 -5.77481210
v 10.12605544 6.87129731 -5.69790885
v 10.12170087 6.73760598 -5.65633014
v 15.26835193 6.72690850 -5.48084274
v 15.26784354 6.86061121 -5.52260812
v 15.26696767 6.97750172 -5.59982377
v 15.26633197 7.03315435 -5.65773396
v 15.26489259 7.11168839 -5.79193758
v 13.88545750 7.03322306 -5.65886108
v 13.88471962 6.97757049 -5.60095193
v 13.88370303 6.86068007 -5.52373769
v 13.88311248 6.72697742 -5.48197331
v 20.30261992 6.74526533 -5.78197840
v 20.29620134 6.87894294 -5.82333204
v 20.28534876 6.99579103 -5.89985188
v 20.27746104 7.05141284 -5.95725634
v 20.25957815 7.12987698 -6.09031331
v 9.48218213 6.87513166 -5.76080959
v 9.49123742 6.99199303 -5.83754730
v 9.49782374 7.04762445 -5.89510943
v 22.38823256 6.66309439 -6.25276368
v 22.56710416 6.67065649 -6.37681660
v 22.61203341 6.67448783 -6.43966813
v 22.62702846 6.67833359 -6.50275617
v 22.61203356 6.68217936 -6.56584421
v 22.56710507 6.68601070 -6.62869576
v 22.38822910 6.69357279 -6.75274854
v 22.38225113 6.72948005 -6.25186330
v 22.59557388 6.74032066 -6.42844803
v 22.20826783 6.76419381 -6.82256853
v 22.16422603 6.72368555 -6.15837148
v 22.11637234 6.78882946 -6.15247280
v 22.00613483 6.91335356 -6.16506829
v 21.88542124 7.02166231 -6.20890532
v 21.76385807 7.10517469 -6.28083778
v 22.32173619 6.79427928 -6.23620327
v 22.17957368 6.91857805 -6.23277210
v 22.02003227 7.02676356 -6.26268271
v 21.85465257 7.10937076 -6.31989647
v 22.55002954 6.80523245 -6.41135028
v 22.40217477 6.92946234 -6.39693021
v 22.20201096 7.03679621 -6.40335133
v 21.97573454 7.11714588 -6.42363574
v 21.92470371 7.11306680 -6.36399800
v 22.12315194 7.03128469 -6.32024703
v 22.30679440 6.92331889 -6.30054960
v 22.45891566 6.79924723 -6.31455160
v 22.51741523 6.73471828 -6.33692586
v 22.60721945 6.74702449 -6.53837770
v 22.56490952 6.81322362 -6.54228327
v 22.41876203 6.93814964 -6.53893803
v 22.21579557 7.04426167 -6.52498267
v 21.98437413 7.12219321 -6.50560223
v 21.98777845 7.11963566 -6.46334962
v 22.22126332 7.04044178 -6.46202046
v 22.42533655 6.93367687 -6.46538455
v 22.57073476 6.80911450 -6.47481838
v 22.61168807 6.74360091 -6.48219981
v 22.54872949 6.75274169 -6.63242201
v 22.49376852 6.81955424 -6.64706306
v 22.34199107 6.94459031 -6.64754202
v 22.15214924 7.04965909 -6.61842181
v 21.94380885 7.12587096 -6.57080969
v 22.15717820 6.82973012 -6.82225862
v 22.03962017 6.95214361 -6.79768376
v 21.91077680 7.05464150 -6.74373726
v 21.78058191 7.12896237 -6.66491400
v 21.66052081 7.12811446 -6.70419373
v 21.71639238 7.05504532 -6.80378417
v 21.76994768 6.95519731 -6.87993535
v 21.81613708 6.83558668 -6.92846418
v 21.83478932 6.77126081 -6.94129376
v 6.86582437 6.69357280 -6.75274866
v 6.68695277 6.68601070 -6.62869575
v 6.64202352 6.68217936 -6.56584421
v 6.62702847 6.67833359 -6.50275617
v 6.64202337 6.67448783 -6.43966813
v 6.68695186 6.67065648 -6.37681658
v 6.86582783 6.66309439 -6.25276381
v 6.87180580 6.75957628 -6.74557878
v 6.65848306 6.74888759 -6.56898479
v 7.04578911 6.72471175 -6.17488273
v 7.08983090 6.76518077 -6.83908218
v 7.13768459 6.83055881 -6.83702442
v 7.24792210 6.95263096 -6.80939675
v 7.36863569 7.05481304 -6.75272848
v 7.49019886 7.12896972 -6.67118472
v 6.93232074 6.82579788 -6.75325196
v 7.07448325 6.94959306 -6.74155965
v 7.23402466 7.05334440 -6.69872965
v 7.39940436 7.12839041 -6.63190556
v 6.70402739 6.81539554 -6.57807136
v 6.85188216 6.94045714 -6.57729495
v 7.05204597 7.04621631 -6.55788397
v 7.27832239 7.12350718 -6.52799001
v 7.32935322 7.12670226 -6.58768163
v 7.13090499 7.05083995 -6.64104240
v 6.94726253 6.94606614 -6.67370814
v 6.79514127 6.82121239 -6.67488031
v 6.73664170 6.75444353 -6.66050979
v 6.64683748 6.74218907 -6.45905480
v 6.68914741 6.80742364 -6.44713720
v 6.83529490 6.93183099 -6.43528341
v 7.03826136 7.03885243 -6.43624644
v 7.26968280 7.11856099 -6.44601735
v 7.26627848 7.12115464 -6.48826775
v 7.03279361 7.04270858 -6.49920644
v 6.82872039 6.93632558 -6.50883556
v 6.68332217 6.81153963 -6.51460167
v 6.64236886 6.74561455 -6.51523257
v 6.70532744 6.73644076 -6.36501237
v 6.76028841 6.80098021 -6.34236429
v 6.91206586 6.92503228 -6.32670124
v 7.10190769 7.03286020 -6.34284356
v 7.31024808 7.11429103 -6.38084599
v 7.09687873 6.78980044 -6.16722992
v 7.21443676 6.91429255 -6.17675374
v 7.34328013 7.02258416 -6.21785080
v 7.47347502 7.10592908 -6.28706297
v 7.59353612 7.10031629 -6.24817707
v 7.53766455 7.01569134 -6.15819945
v 7.48410925 6.90733287 -6.09474026
v 7.43791985 6.78271328 -6.06109938
v 7.41926761 6.71730535 -6.05617819
v 14.62702847 4.74490884 -5.58590247
v 18.75371386 4.77206457 -5.73245512
v 20.80851843 4.81324000 -5.95962313
v 21.77450371 4.84682538 -6.14960052
v 22.26693397 4.87385902 -6.30579509
v 22.48842751 4.89325497 -6.41976282
v 22.58177036 4.90688350 -6.50083548
v 22.61444665 4.91544748 -6.55221184
v 22.62702831 4.92492086 -6.60944146
v 22.61460208 4.93433188 -6.66671663
v 22.58201976 4.94272509 -6.71816007
v 22.48871419 4.95585994 -6.79936789
v 22.26721627 4.97408065 -6.91348701
v 21.77474346 4.99860318 -7.06989040
v 20.80867018 5.02773817 -7.26017707
v 18.75375460 5.06158620 -7.48781248
v 14.62702847 5.08284685 -7.63472760
v 10.50030234 5.06158620 -7.48781248
v 8.44538675 5.02773817 -7.26017707
v 7.47931347 4.99860318 -7.06989040
v 6.98684066 4.97408065 -6.91348701
v 6.76534275 4.95585994 -6.79936789
v 6.67203717 4.94272509 -6.71816007
v 6.63945485 4.93433188 -6.66671663
v 6.62702862 4.92492086 -6.60944146
v 6.63961028 4.91544748 -6.55221184
v 6.67228658 4.90688350 -6.50083548
v 6.76562943 4.89325497 -6.41976282
v 6.98712297 4.87385902 -6.30579509
v 7.47955322 4.84682538 -6.14960052
v 8.44553850 4.81324000 -5.95962313
v 10.50034307 4.77206457 -5.73245512
v 21.93004409 -2.27925569 8.01014370
v 24.61195172 -2.27925569 8.01014370
v 24.61195172 -1.84067598 8.26923049
v 21.93004409 -1.84067598 8.26923049
v 24.61195172 -2.03603015 7.72069257
v 24.61195172 -1.79593895 7.42863635
v 24.61195172 -1.55900999 7.13400897
v 24.61195172 -1.27067587 7.30433961
v 21.93004409 -1.55900999 7.13400897
v 21.93004409 -1.27067587 7.30433961
v 21.93004409 -1.79593895 7.42863635
v 21.93004409 -2.03603015 7.72069257
v 29.92702500 -2.27925569 8.01014370
v 29.92702500 0.52133022 4.22542945
v 29.92702500 2.78975258 0.09970486
v 29.92702500 4.48513127 -4.29267884
v 0.08834500 4.48513127 -4.29267884
v 0.08834500 2.78975258 0.09970486
v 0.08834500 0.52133022 4.22542945
v 0.08834500 -2.27925569 8.01014370
v 4.19965473 -2.27925569 8.01014370
v 4.19965473 -2.03603015 7.72069257
v 4.19965473 -1.79593895 7.42863635
v 4.19965473 -1.55900999 7.13400897
v 6.65807006 -1.55900999 7.13400897
v 6.65807006 -1.79593895 7.42863635
v 6.65807006 -2.03603015 7.72069257
v 6.65807006 -2.27925569 8.01014370
v 6.65807006 -1.84067598 8.26923049
v 4.19965473 -1.84067598 8.26923049
v 6.65807006 -1.27067587 7.30433961
v 4.19965473 -1.27067587 7.30433961
v -0.42611500 2.76711115 -11.28210915
v -0.42611500 2.25628589 -11.15608118
v -0.42611500 1.56449326 -11.02229661
v -0.42611500 0.69097757 -10.88278999
v -0.42611500 -0.35996192 -10.74115976
v -0.29750000 -0.35996192 -10.74115976
v -0.29750000 0.69097757 -10.88278999
v -0.29750000 1.56449326 -11.02229661
v -0.29750000 2.25628589 -11.15608118
v -0.29750000 2.76711115 -11.28210915
v -0.42611500 -2.03955133 -10.52963030
v -0.42611500 -2.96640597 -10.45137960
v -0.42611500 -4.07364178 -10.38041897
v -0.29750000 -4.07364178 -10.38041897
v -0.29750000 -2.96640597 -10.45137960
v -0.29750000 -2.03955133 -10.52963030
v -0.42611500 -7.75059449 -10.16482580
v -0.42611500 -11.96724464 -10.02732371
v -0.29750000 -11.96724464 -10.02732371
v -0.29750000 -7.75059449 -10.16482580
v -0.42611500 -12.96694879 -9.99384832
v -0.42611500 -13.71742767 -9.97475160
v -0.42611500 -14.19887888 -9.97095794
v -0.42611500 -14.40479744 -9.98275584
v -0.29750000 -14.40479744 -9.98275584
v -0.29750000 -14.19887888 -9.97095794
v -0.29750000 -13.71742767 -9.97475160
v -0.29750000 -12.96694879 -9.99384832
v -0.42611500 -14.33599942 -6.03985473
v -0.42611500 -14.28290284 -1.77643828
v -0.29750000 -14.28290284 -1.77643828
v -0.29750000 -14.33599942 -6.03985473
v -0.42611500 -14.20513453 1.92833670
v -0.42611500 -14.11183543 5.95230375
v -0.29750000 -14.11183543 5.95230375
v -0.29750000 -14.20513453 1.92833670
v -0.42611500 -3.82263566 5.95230375
v -0.29750000 -3.82263566 5.95230375
v -0.42611500 -2.23229036 3.81490412
v -0.42611500 -0.89032277 2.05157574
v -0.29750000 -0.89032277 2.05157574
v -0.29750000 -2.23229036 3.81490412
v -0.42611500 0.11569131 0.59176910
v -0.42611500 1.05793021 -1.00748455
v -0.29750000 1.05793021 -1.00748455
v -0.29750000 0.11569131 0.59176910
v -0.42611500 1.96916865 -3.21659345
v -0.42611500 2.63877394 -5.62106777
v -0.29750000 2.63877394 -5.62106777
v -0.29750000 1.96916865 -3.21659345
v -0.42611500 2.99709994 -8.26789990
v -0.42611500 3.19455220 -11.22451157
v -0.29750000 3.19455220 -11.22451157
v -0.29750000 2.99709994 -8.26789990
v -0.42611500 3.20216928 -11.38516114
v -0.29750000 3.20216928 -11.38516114
v -0.42611500 1.71766902 -26.52884026
v -0.42611500 0.63267582 -27.54147561
v -0.42611500 -0.51807412 -28.15147974
v -0.29750000 -0.51807412 -28.15147974
v -0.29750000 0.63267582 -27.54147561
v -0.29750000 1.71766902 -26.52884026
v -0.42611500 -1.74305124 -28.48069828
v -0.29750000 -1.74305124 -28.48069828
v -0.42611500 -2.32371654 -28.51465133
v -0.29750000 -2.32371654 -28.51465133
v -0.42611500 -2.91945193 -28.34695926
v -0.29750000 -2.91945193 -28.34695926
v -0.42611500 -3.08761281 -28.23087284
v -0.29750000 -3.08761281 -28.23087284
v -0.42611500 -3.85769332 -27.48040996
v -0.42611500 -4.42691005 -26.91897410
v -0.42611500 -5.15074910 -26.26504474
v -0.29750000 -5.15074910 -26.26504474
v -0.29750000 -4.42691005 -26.91897410
v -0.29750000 -3.85769332 -27.48040996
v -0.42611500 -6.93818755 -24.70203640
v -0.42611500 -8.01584365 -24.08047806
v -0.42611500 -9.20860981 -23.66037248
v -0.29750000 -9.20860981 -23.66037248
v -0.29750000 -8.01584365 -24.08047806
v -0.29750000 -6.93818755 -24.70203640
v -0.42611500 -10.60786044 -23.20870394
v -0.42611500 -11.76719430 -23.05957050
v -0.42611500 -12.65945534 -23.05751249
v -0.42611500 -13.31170837 -22.97218225
v -0.29750000 -13.31170837 -22.97218225
v -0.29750000 -12.65945534 -23.05751249
v -0.29750000 -11.76719430 -23.05957050
v -0.29750000 -10.60786044 -23.20870394
v -0.42611500 -13.70155636 -22.67066492
v -0.29750000 -13.70155636 -22.67066492
v -0.42611500 -14.01615811 -21.93177632
v -0.42611500 -14.22723516 -20.64827392
v -0.29750000 -14.22723516 -20.64827392
v -0.29750000 -14.01615811 -21.93177632
v -0.42611500 -14.28533758 -19.16301691
v -0.42611500 -14.35166242 -17.57671114
v -0.42611500 -14.42225160 -15.97521499
v -0.29750000 -14.42225160 -15.97521499
v -0.29750000 -14.35166242 -17.57671114
v -0.29750000 -14.28533758 -19.16301691
v -0.42611500 -14.43309231 -13.48812778
v -0.42611500 -14.41723080 -10.56355202
v -0.29750000 -14.41723080 -10.56355202
v -0.29750000 -14.43309231 -13.48812778
v -0.42611500 -12.04130650 -10.57475125
v -0.42611500 -9.93691944 -10.59191085
v -0.42611500 -8.09797155 -10.61726355
v -0.42611500 -6.49609668 -10.65641921
v -0.29750000 -6.49609668 -10.65641921
v -0.29750000 -8.09797155 -10.61726355
v -0.29750000 -9.93691944 -10.59191085
v -0.29750000 -12.04130650 -10.57475125
v -0.42611500 -3.96107638 -10.82198196
v -0.42611500 -1.75620217 -11.04383149
v -0.29750000 -1.75620217 -11.04383149
v -0.29750000 -3.96107638 -10.82198196
v -0.42611500 0.69129448 -11.40981432
v -0.42611500 1.78118062 -11.59225977
v -0.42611500 2.63680995 -11.74404663
v -0.29750000 2.63680995 -11.74404663
v -0.29750000 1.78118062 -11.59225977
v -0.29750000 0.69129448 -11.40981432
v -0.42611500 3.22479000 -11.88895284
v -0.29750000 3.22479000 -11.88895284
v -0.42611500 3.37863137 -16.62882117
v -0.42611500 3.31700394 -21.30194880
v -0.29750000 3.31700394 -21.30194880
v -0.29750000 3.37863137 -16.62882117
v -0.42611500 3.15524572 -22.71842089
v -0.42611500 2.90655706 -23.96175299
v -0.42611500 2.56770159 -25.02300302
v -0.42611500 2.14183172 -25.90652166
v -0.29750000 2.14183172 -25.90652166
v -0.29750000 2.56770159 -25.02300302
v -0.29750000 2.90655706 -23.96175299
v -0.29750000 3.15524572 -22.71842089
v 30.69871500 -14.41168210 -9.98572799
v 30.69871500 -14.41723080 -10.56355202
v 30.59582300 -14.41723080 -10.56355202
v 30.59582300 -14.41168210 -9.98572799
v 30.69871500 -10.81301625 -10.54209277
v 30.69871500 -7.52168452 -10.61232303
v 30.69871500 -4.57855469 -10.77350643
v 30.69871500 -2.03585844 -11.01124750
v 30.69871500 0.05036190 -11.28718789
v 30.69871500 1.63242428 -11.54893563
v 30.69871500 2.68734704 -11.75485751
v 30.69871500 3.22479000 -11.88895284
v 30.59582300 3.22479000 -11.88895284
v 30.59582300 2.68734704 -11.75485751
v 30.59582300 1.63242428 -11.54893563
v 30.59582300 0.05036190 -11.28718789
v 30.59582300 -2.03585844 -11.01124750
v 30.59582300 -4.57855469 -10.77350643
v 30.59582300 -7.52168452 -10.61232303
v 30.59582300 -10.81301625 -10.54209277
v 30.69871500 3.20554406 -11.45776614
v 30.59582300 3.20554406 -11.45776614
v 30.69871500 2.94827004 -11.33931577
v 30.69871500 2.18934598 -11.14177321
v 30.69871500 0.97478717 -10.92549369
v 30.69871500 -0.68989218 -10.70115877
v 30.69871500 -2.77274746 -10.48676698
v 30.69871500 -5.22922267 -10.30047049
v 30.69871500 -8.01241779 -10.15335291
v 30.69871500 -11.08192978 -10.04862498
v 30.59582300 -10.81879393 -10.05565952
v 30.59582300 -7.53288123 -10.17470846
v 30.59582300 -4.58950021 -10.34316671
v 30.59582300 -2.04231852 -10.55516177
v 30.59582300 0.04920737 -10.79354338
v 30.59582300 1.63287225 -11.03437327
v 30.59582300 2.68218172 -11.25836336
v 30.69871500 3.21530624 -11.67280519
v 30.69871500 2.96823854 -11.94032138
v 30.69871500 3.10161621 -14.40127762
v 30.69871500 3.12328743 -16.63097977
v 30.69871500 2.96386296 -20.89271677
v 30.69871500 2.72192961 -23.17356728
v 30.69871500 2.44869308 -24.28277352
v 30.69871500 2.00844483 -25.30785537
v 30.69871500 1.36277366 -26.20876514
v 30.69871500 0.49051489 -26.96190884
v 30.69871500 -0.61582164 -27.55743868
v 30.69871500 -1.95654039 -27.99333758
v 30.69871500 -2.49148396 -23.22177756
v 30.69871500 -2.90205010 -18.78442741
v 30.69871500 -3.17031223 -14.72945695
v 30.69871500 -3.30817567 -11.02487587
v 30.69871500 -1.27248603 -11.26050100
v 30.69871500 0.46946167 -11.49186797
v 30.69871500 1.87404873 -11.71834448
v 30.69871500 -14.43025606 -12.47092083
v 30.69871500 -14.43291497 -14.20061779
v 30.69871500 -14.42453155 -15.75515675
v 30.69871500 -14.40425380 -17.13783118
v 30.69871500 -14.32359908 -19.40530277
v 30.69871500 -14.17980762 -21.04905355
v 30.69871500 -13.95759128 -22.13442691
v 30.69871500 -13.63679437 -22.74967765
v 30.69871500 -13.43165779 -22.91567351
v 30.69871500 -13.19180124 -23.00935573
v 30.69871500 -12.59105388 -23.05743924
v 30.69871500 -11.80240873 -23.05824073
v 30.69871500 -10.80761566 -23.16783706
v 30.69871500 -9.61984323 -23.49931469
v 30.69871500 -8.29943349 -24.09043497
v 30.69871500 -5.70026371 -25.81039937
v 30.69871500 -4.65192708 -26.70856638
v 30.69871500 -3.86583656 -27.47211639
v 30.69871500 -3.31806610 -28.02739487
v 30.69871500 -2.89306482 -28.36210805
v 30.69871500 -2.42990181 -28.50590730
v 30.69871500 -1.80232833 -28.48882263
v 30.69871500 -0.97925941 -28.30962453
v 30.69871500 -0.02519698 -27.93348849
v 30.69871500 0.94490074 -27.31216456
v 30.69871500 1.81253983 -26.40502742
v 30.69871500 2.49839707 -25.19813894
v 30.69871500 2.97511952 -23.70899114
v 30.69871500 3.25612717 -21.97975333
v 30.69871500 3.38079600 -20.06880132
v 30.69871500 -14.41455616 -10.27647411
v 30.69871500 2.99177744 -8.21123177
v 30.69871500 2.58289128 -5.33618503
v 30.69871500 1.88050164 -2.84490133
v 30.69871500 0.88791403 -0.69173741
v 30.69871500 -0.29039439 1.20050825
v 30.69871500 -1.52095394 2.90955868
v 30.69871500 -3.82263566 5.95230375
v 30.69871500 -14.11183543 5.95230375
v 30.69871500 -14.21831401 1.32829460
v 30.69871500 -14.30400935 -2.86895952
v 30.69871500 -14.36867103 -6.63978402
v 30.69871500 -3.65310900 5.44341492
v 30.69871500 -2.32235747 3.63518658
v 30.69871500 -1.18406894 2.08481875
v 30.69871500 -0.57500582 1.20890679
v 30.69871500 0.10300662 0.15437542
v 30.69871500 1.44607897 -2.42888783
v 30.69871500 2.30827104 -5.16262770
v 30.69871500 2.70173056 -7.61846848
v 30.69871500 2.88973038 -9.65907738
v 30.69871500 2.96823854 -11.28210915
v 30.69871500 1.99816773 -10.99832084
v 30.69871500 0.60608482 -10.73887770
v 30.69871500 -1.24046107 -10.50565178
v 30.69871500 -3.47936962 -10.29506060
v 30.69871500 -3.54387259 -9.35321330
v 30.69871500 -3.59673169 -8.13229134
v 30.69871500 -3.63707081 -6.61129717
v 30.69871500 -3.66411885 -4.77174931
v 30.69871500 -3.67804856 -2.61778802
v 30.69871500 -3.68001175 -0.17701924
v 30.69871500 -3.67136710 2.51799261
v 30.59582300 2.96823854 -11.94032138
v 30.59582300 3.10161621 -14.40127762
v 30.59582300 3.12328743 -16.63097977
v 30.59582300 2.96386296 -20.89271677
v 30.59582300 2.72192961 -23.17356728
v 30.59582300 2.44869308 -24.28277352
v 30.59582300 2.00844483 -25.30785537
v 30.59582300 1.36277366 -26.20876514
v 30.59582300 0.49051489 -26.96190884
v 30.59582300 -0.61582164 -27.55743868
v 30.59582300 -1.95654039 -27.99333758
v 30.59582300 -3.30817567 -11.02487587
v 30.59582300 -1.27248603 -11.26050100
v 30.59582300 0.46946167 -11.49186797
v 30.59582300 1.87404873 -11.71834448
v 30.59582300 -2.49148396 -23.22177756
v 30.59582300 -2.90205010 -18.78442741
v 30.59582300 -3.17031223 -14.72945695
v 30.59582300 -3.65310900 5.44341492
v 30.59582300 -2.32235747 3.63518658
v 30.59582300 -1.18406894 2.08481875
v 30.59582300 -0.57500582 1.20890679
v 30.59582300 0.10300662 0.15437542
v 30.59582300 1.44607897 -2.42888783
v 30.59582300 2.30827104 -5.16262770
v 30.59582300 2.70173056 -7.61846848
v 30.59582300 2.88973038 -9.65907738
v 30.59582300 2.96823854 -11.28210915
v 30.59582300 -3.47936962 -10.29506060
v 30.59582300 -3.54387259 -9.35321330
v 30.59582300 -3.59673169 -8.13229134
v 30.59582300 -3.63707081 -6.61129717
v 30.59582300 -3.66411885 -4.77174931
v 30.59582300 -3.67804856 -2.61778802
v 30.59582300 -3.68001175 -0.17701924
v 30.59582300 -3.67136710 2.51799261
v 30.59582300 1.99816773 -10.99832084
v 30.59582300 0.60608482 -10.73887770
v 30.59582300 -1.24046107 -10.50565178
v 30.44148500 -14.11183543 5.95230375
v 30.44148500 -14.21914411 1.29017905
v 30.44148500 -14.30530725 -2.93778041
v 30.44148500 -14.37006375 -6.73192106
v 30.44148500 -14.41277005 -10.09387139
v 30.44148500 -14.43222111 -13.02744818
v 30.44148500 -14.42646989 -15.53957020
v 30.44148500 -14.39264920 -17.64117340
v 30.44148500 -14.32678885 -19.34814072
v 30.44148500 -14.22363012 -20.68224421
v 30.44148500 -14.07645445 -21.67206745
v 30.44148500 -13.87688258 -22.35399230
v 30.44148500 -13.61468216 -22.77317832
v 30.44148500 -13.27764094 -22.98442686
v 30.44148500 -12.85130918 -23.05329299
v 30.44148500 -11.67099121 -23.06407127
v 30.44148500 -10.89813013 -23.15140033
v 30.44148500 -10.00771297 -23.36832044
v 30.44148500 -7.98441530 -24.26142508
v 30.44148500 -5.96644835 -25.60212560
v 30.44148500 -4.37153275 -26.97177890
v 30.44148500 -3.80715435 -27.53200104
v 30.44148500 -3.38247912 -27.96467622
v 30.44148500 -2.71817915 -28.44145365
v 30.44148500 -1.83844422 -28.49334635
v 30.44148500 -0.51807412 -28.15147974
v 30.44148500 0.97973780 -27.28366101
v 30.44148500 1.65923568 -26.60140963
v 30.44148500 2.23591113 -25.74002406
v 30.44148500 2.69039884 -24.70347726
v 30.44148500 3.02013700 -23.50582212
v 30.44148500 3.35367087 -20.71933948
v 30.44148500 3.31772690 -14.40323150
v 30.44148500 3.19833606 -11.30376059
v 30.44148500 3.01187368 -8.42969976
v 30.44148500 2.67969362 -5.84415950
v 30.44148500 2.12672706 -3.56147152
v 30.44148500 1.33427300 -1.55799348
v 30.44148500 0.35527509 0.21470299
v 30.44148500 -1.80305870 3.28647598
v 30.44148500 -3.82263566 5.95230375
v -0.42611500 -15.12825185 22.15318658
v -0.39165271 -15.09555492 22.02879715
v -0.29750000 -15.07161910 21.93773778
v -0.16888500 -15.06285799 21.90440773
v -0.16888500 -15.07683567 21.90094197
v -0.16888500 -15.09090488 21.89786880
v -0.16888500 -15.10505459 21.89519062
v -0.29750000 -15.11098907 21.92913809
v -0.39165271 -15.12720237 22.02188432
v -0.42611500 -15.14935015 22.14857802
v -0.42611500 -15.14227530 22.14991711
v -0.42611500 -15.13524069 22.15145370
v -0.14226067 -15.33991346 21.90874972
v -0.07937555 -15.52324075 22.00695137
v -0.00083353 -15.64204682 22.14971274
v 0.08361754 -15.70072868 22.31515557
v 0.08834500 -15.70226982 22.32469571
v 0.07889008 -15.70142526 22.31972828
v -0.09001206 -15.65582445 22.23598970
v -0.24709609 -15.55034584 22.16966452
v -0.37286635 -15.37867476 22.13379785
v -0.22778575 -15.24078855 21.89876832
v -0.28917822 -15.25332555 21.92623948
v -0.33363168 -15.26146953 21.96093011
v -0.40012794 -15.27003546 22.07013274
v -0.11377513 -15.54060798 22.02616555
v -0.14721486 -15.55289351 22.05035599
v -0.17367958 -15.55899390 22.07384429
v -0.22606313 -15.55823148 22.13572851
v -0.35597583 -15.38730282 22.07853746
v -0.29088966 -15.38596832 21.98253145
v -0.25143118 -15.37741090 21.95053553
v -0.19845335 -15.36136345 21.92299222
v -0.01719504 -15.64860596 22.16328252
v -0.03343502 -15.65343144 22.17769785
v -0.04679611 -15.65610220 22.19028521
v -0.07607223 -15.65752475 22.22034321
v 0.08278337 -15.70086406 22.31596034
v 0.08194920 -15.70099407 22.31676601
v 0.08125365 -15.70109841 22.31743849
v 0.07967820 -15.70132105 22.31896396
v 30.18425500 -15.06285799 21.90440773
v 30.31287000 -15.07161910 21.93773778
v 30.40702271 -15.09555492 22.02879715
v 30.44148500 -15.12825185 22.15318658
v 30.44148500 -15.13524069 22.15145370
v 30.44148500 -15.14227530 22.14991711
v 30.44148500 -15.14935015 22.14857802
v 30.40702271 -15.12720237 22.02188432
v 30.31287000 -15.11098907 21.92913809
v 30.18425500 -15.10505459 21.89519062
v 30.18425500 -15.09090488 21.89786880
v 30.18425500 -15.07683567 21.90094197
v 30.38823503 -15.37867751 22.13379804
v 30.26246235 -15.55034935 22.16966591
v 30.10537554 -15.65582735 22.23599274
v 29.93647059 -15.70142618 22.31973317
v 29.92702500 -15.70226982 22.32469571
v 29.93174779 -15.70073029 22.31516497
v 30.01620027 -15.64205025 22.14971893
v 30.09474367 -15.52324460 22.00695459
v 30.15763001 -15.33991633 21.90875058
v 30.41433388 -15.26999358 22.06653732
v 30.38479847 -15.26701834 22.00489018
v 30.34900124 -15.26147137 21.96093022
v 30.23959425 -15.24002758 21.89773705
v 30.24008483 -15.55854148 22.13379774
v 30.21364987 -15.56115058 22.09990144
v 30.18904637 -15.55899720 22.07384707
v 30.12726168 -15.53978277 22.02497309
v 30.21077804 -15.36031525 21.92184655
v 30.30625829 -15.38597130 21.98253234
v 30.33962102 -15.38965473 22.02160031
v 30.37000828 -15.38761967 22.07541265
v 30.09060731 -15.65757695 22.21944557
v 30.07528049 -15.65752538 22.20332136
v 30.06216107 -15.65610486 22.19029006
v 30.03166076 -15.64829206 22.16251682
v 29.93563736 -15.70131584 22.31892513
v 29.93480406 -15.70120015 22.31811791
v 29.93410935 -15.70109963 22.31744564
v 29.93253518 -15.70085820 22.31592458
v 30.44148500 -15.25748727 23.40390868
v 30.44148500 -15.09048359 24.65277155
v 30.44148500 -14.65630712 25.83558154
v 30.44142607 -14.66365235 25.83829704
v 30.40025018 -14.84654296 25.90616603
v 30.28849713 -15.00118573 25.96389916
v 30.12250283 -15.10447571 26.00261673
v 29.92702500 -15.14075540 26.01624330
v 29.92702500 -15.57584762 24.83201450
v 29.92702500 -15.76556915 23.58473392
v 30.37256043 -15.46314676 24.06700809
v 30.18425500 -15.64979077 24.09196699
v 30.44148500 -14.50987899 26.25184920
v 30.44148500 -14.29025167 26.63458122
v 30.44148500 -14.00473716 26.97103542
v 30.42808585 -14.10364578 27.03721464
v 30.38739919 -14.17341529 27.12717512
v 30.32449094 -14.21040440 27.22659219
v 30.24105177 -14.21726760 27.33088752
v 30.05777880 -14.16067609 27.49897717
v 29.98161341 -14.12537062 27.54533332
v 29.95171218 -14.11505311 27.55636981
v 29.92702500 -14.11183543 27.55962327
v 29.92702500 -14.56335472 27.12329197
v 29.92702500 -14.91164932 26.60085007
v 30.37256043 -14.55176100 26.70710825
v 30.18425500 -14.70944459 26.81003940
v 0.08834500 -15.76556915 23.58473392
v 0.08834500 -15.57584762 24.83201450
v 0.08834500 -15.14075540 26.01624330
v 0.05760996 -15.14205293 26.01147124
v 0.02931723 -15.14548043 25.99869931
v -0.01850109 -15.15566279 25.95933399
v -0.10251143 -15.18312987 25.83937703
v -0.25700336 -15.23595596 25.46165212
v -0.42611500 -15.13575471 24.45475610
v -0.42611500 -15.24372527 23.68895683
v -0.42611500 -15.24828440 22.91559704
v -0.16888500 -15.65326213 24.06557792
v -0.35719043 -15.46651292 24.04141871
v 30.44148500 -13.59737544 27.55962327
v 30.44148500 -13.75226704 27.65147911
v 30.44148500 -13.93223667 27.65779083
v 30.44148500 -14.09318277 27.57701175
v 30.44148500 -14.19566548 27.42893677
v 30.44148500 -14.21457142 27.24985167
v 30.44148500 -14.14526769 27.08364127
v 30.44148500 -13.06374881 22.36933027
v 30.44148500 -11.02981239 21.95460925
v 30.44148500 -9.21474796 20.94741909
v 30.44148500 -7.78659735 19.44100723
v 30.44148500 -6.87758121 17.57483988
v 30.44148500 -6.57185786 15.52169007
v 30.44148500 -6.89773169 13.47164199
v 30.44148500 -7.82503273 11.61449265
v 30.44148500 -9.26790984 10.12218017
v 30.44148500 -11.09277894 9.13286543
v 30.44148500 -13.13069048 8.73814092
v 30.44148500 -15.19297107 8.97455092
v 30.44148500 -15.47969960 -2.41183876
v 30.44148500 -15.29744663 -13.80037980
v 30.44148500 -14.64652115 -25.17176402
v 30.44148500 -12.60751049 -25.10630843
v 30.44148500 -10.64418338 -25.66056071
v 30.44148500 -8.94040953 -26.78261399
v 30.44148500 -7.65575090 -28.36738562
v 30.44148500 -6.91051847 -30.26645843
v 30.44148500 -6.77450482 -32.30198028
v 30.44148500 -7.26044791 -34.28332029
v 30.44148500 -8.32283814 -36.02492182
v 30.44148500 -9.86218046 -37.36368025
v 30.44148500 -11.73431223 -38.17421805
v 30.44148500 -13.76390441 -38.38062666
v 30.44148500 -14.11083311 -40.76042237
v 30.44148500 -13.79986564 -43.14518366
v 30.44148500 -12.85427445 -45.35643770
v 30.44148500 -11.34482651 -47.22869678
v 30.44148500 -9.77998025 -47.46423651
v 30.44148500 -8.20512918 -47.30910153
v 30.44148500 -6.71631986 -46.77275318
v 30.44148500 -5.40435136 -45.88790211
v 30.44148500 -4.34785252 -46.39575088
v 30.44148500 -3.18180133 -46.51585418
v 30.44148500 -2.04396533 -46.23402193
v 30.44148500 -1.06877847 -45.58355228
v 30.44148500 -1.01017921 -43.68193442
v 30.44148500 -1.01544959 -41.77942119
v 30.44148500 -1.08458365 -39.87815718
v 30.44148500 0.49899697 -35.91637285
v 30.44148500 1.92919233 -31.89667088
v 30.44148500 3.20389043 -27.82498727
v 30.44148500 4.27823198 -23.22053064
v 30.44148500 4.89743344 -18.53311981
v 30.44148500 5.05556641 -13.80763311
v 30.44148500 4.75111690 -9.08931337
v 30.44148500 3.98699978 -4.42333484
v 30.44148500 2.28964248 -0.04518824
v 30.44148500 0.01443227 4.06243979
v 30.44148500 -2.79662363 7.82371009
v 30.44148500 -2.99201365 12.45831527
v 30.44148500 -3.73997797 17.03633797
v 30.44148500 -5.02979163 21.49213455
v 30.44148500 -6.84296017 25.76181396
v 30.44148500 -7.12689574 26.12938444
v 30.44148500 -7.46695756 26.44574725
v 30.44148500 -7.85404634 26.70243722
v 30.44148500 -8.76510752 27.46080970
v 30.44148500 -9.90059713 27.80113989
v 30.44148500 -11.07859306 27.66890190
v 30.44148500 -11.14533546 27.75726271
v 30.44148500 -11.24731648 27.80041422
v 30.44148500 -11.35721038 27.78679401
v 30.44148500 -11.44557120 27.72005161
v 30.44148500 -11.48872270 27.61807060
v 30.44148500 -11.47510250 27.50817669
v 30.44148500 -11.95264694 27.65079065
v 30.44148500 -12.45103177 27.65079065
v 30.44148500 -12.92857622 27.50817669
v 30.44148500 -13.14304457 27.59195456
v 30.44148500 -13.37261709 27.60961416
v 30.18425500 -13.07139090 22.11216702
v 30.18425500 -11.10992528 21.70997593
v 30.18425500 -9.36092282 20.73524752
v 30.18425500 -7.98708124 19.27865411
v 30.18425500 -7.11619960 17.47569259
v 30.18425500 -6.82929005 15.49408012
v 30.18425500 -7.15304183 13.51815252
v 30.18425500 -8.05733852 11.73171681
v 30.18425500 -9.45805960 10.30095284
v 30.18425500 -11.22490558 9.35895479
v 30.18425500 -13.19351890 8.99335028
v 30.18425500 -15.18077295 9.23814898
v 30.28363940 -15.18172999 9.21766290
v 30.36712389 -15.18442095 9.15988500
v 30.42224332 -15.18837419 9.07452923
v 30.31287000 -13.07130845 22.14666672
v 30.40702271 -13.06833955 22.24078663
v 30.31287000 -11.10095943 21.74340659
v 30.40702271 -11.07131364 21.83282924
v 30.31287000 -9.34356997 20.76541054
v 30.40702271 -9.28965894 20.84275439
v 30.31287000 -7.96235919 19.30351082
v 30.40702271 -7.88858608 19.36237047
v 30.31287000 -7.08324493 17.48577420
v 30.40702271 -6.99321110 17.51331769
v 30.31287000 -6.79482926 15.49375931
v 30.40702271 -6.70068062 15.49288284
v 30.31287000 -7.12028056 13.50745913
v 30.40702271 -7.03077512 13.47824424
v 30.31287000 -8.02932433 11.71164557
v 30.40702271 -7.95278816 11.65680992
v 30.31287000 -9.43739846 10.27337084
v 30.40702271 -9.38095120 10.19801541
v 30.31287000 -11.21351946 9.32642779
v 30.40702271 -11.18241201 9.23756239
v 30.31287000 -13.19246697 8.95890405
v 30.40702271 -13.18959304 8.86479521
v -0.16888500 -13.07139090 22.11216702
v -0.16888500 -11.10992528 21.70997593
v -0.16888500 -9.36092282 20.73524752
v -0.16888500 -7.98708124 19.27865411
v -0.16888500 -7.11619960 17.47569259
v -0.16888500 -6.82929005 15.49408012
v -0.16888500 -7.15304183 13.51815252
v -0.16888500 -8.05733852 11.73171681
v -0.16888500 -9.45805960 10.30095284
v -0.16888500 -11.22490558 9.35895479
v -0.16888500 -13.19351890 8.99335028
v -0.16888500 -15.18077295 9.23814898
v -0.42611500 -13.06374881 22.36933027
v -0.42611500 -11.02981239 21.95460925
v -0.42611500 -9.21474796 20.94741909
v -0.42611500 -7.78659735 19.44100723
v -0.42611500 -6.87758121 17.57483988
v -0.42611500 -6.57185786 15.52169007
v -0.42611500 -6.89773169 13.47164199
v -0.42611500 -7.82503273 11.61449265
v -0.42611500 -9.26790984 10.12218017
v -0.42611500 -11.09277894 9.13286543
v -0.42611500 -13.13069048 8.73814092
v -0.42611500 -15.19297107 8.97455092
v -0.40691955 -15.18837953 9.07441365
v -0.35181491 -15.18442390 9.15982162
v -0.26830775 -15.18173076 9.21764636
v -0.39165271 -13.06833955 22.24078663
v -0.29750000 -13.07130845 22.14666672
v -0.39165271 -11.07131364 21.83282924
v -0.29750000 -11.10095943 21.74340659
v -0.39165271 -9.28965894 20.84275439
v -0.29750000 -9.34356997 20.76541054
v -0.39165271 -7.88858608 19.36237047
v -0.29750000 -7.96235919 19.30351082
v -0.39165271 -6.99321110 17.51331769
v -0.29750000 -7.08324493 17.48577420
v -0.39165271 -6.70068062 15.49288284
v -0.29750000 -6.79482926 15.49375931
v -0.39165271 -7.03077512 13.47824424
v -0.29750000 -7.12028056 13.50745913
v -0.39165271 -7.95278816 11.65680992
v -0.29750000 -8.02932433 11.71164557
v -0.39165271 -9.38095120 10.19801541
v -0.29750000 -9.43739846 10.27337084
v -0.39165271 -11.18241201 9.23756239
v -0.29750000 -11.21351946 9.32642779
v -0.39165271 -13.18959304 8.86479521
v -0.29750000 -13.19246697 8.95890405
v -0.42611500 -15.22248458 25.59996214
v -0.42611500 -14.86279273 26.69066867
v -0.42611500 -14.11183543 27.55962327
v -0.42611500 -13.94875803 27.65377532
v -0.42611500 -13.76045283 27.65377532
v -0.42611500 -13.59737544 27.55962327
v -0.42611500 -13.37261709 27.60961416
v -0.42611500 -13.14304457 27.59195456
v -0.42611500 -12.92857622 27.50817669
v -0.42611500 -12.45103177 27.65079065
v -0.42611500 -11.95264694 27.65079065
v -0.42611500 -11.47510250 27.50817669
v -0.42611500 -11.48872270 27.61807060
v -0.42611500 -11.44557120 27.72005161
v -0.42611500 -11.35721038 27.78679401
v -0.42611500 -11.24731648 27.80041422
v -0.42611500 -11.14533546 27.75726271
v -0.42611500 -11.07859306 27.66890190
v -0.42611500 -9.90059713 27.80113989
v -0.42611500 -8.76510752 27.46080970
v -0.42611500 -7.85404634 26.70243722
v -0.42611500 -7.46695756 26.44574725
v -0.42611500 -7.12689574 26.12938444
v -0.42611500 -6.84296017 25.76181396
v -0.42611500 -5.02979163 21.49213455
v -0.42611500 -3.73997797 17.03633797
v -0.42611500 -2.99201365 12.45831527
v -0.42611500 -2.79662363 7.82371009
v -0.42611500 0.01443642 4.06243338
v -0.42611500 2.28964895 -0.04520207
v -0.42611500 3.98700369 -4.42334564
v -0.42611500 4.75111897 -9.08933151
v -0.42611500 5.05556662 -13.80764681
v -0.42611500 4.89743268 -18.53312893
v -0.42611500 4.27823116 -23.22053515
v -0.42611500 3.20389041 -27.82498729
v -0.42611500 1.92919232 -31.89667090
v -0.42611500 0.49899696 -35.91637285
v -0.42611500 -1.08458365 -39.87815718
v -0.42611500 -1.01544959 -41.77942119
v -0.42611500 -1.01017921 -43.68193442
v -0.42611500 -1.06877847 -45.58355228
v -0.42611500 -2.04396533 -46.23402193
v -0.42611500 -3.18180133 -46.51585418
v -0.42611500 -4.34785252 -46.39575088
v -0.42611500 -5.40435136 -45.88790211
v -0.42611500 -6.71631986 -46.77275318
v -0.42611500 -8.20512918 -47.30910153
v -0.42611500 -9.77998025 -47.46423651
v -0.42611500 -11.34482651 -47.22869678
v -0.42611500 -12.85427445 -45.35643770
v -0.42611500 -13.79986564 -43.14518366
v -0.42611500 -14.11083311 -40.76042237
v -0.42611500 -13.76390441 -38.38062666
v -0.42611500 -11.73431223 -38.17421805
v -0.42611500 -9.86218046 -37.36368025
v -0.42611500 -8.32283814 -36.02492182
v -0.42611500 -7.26044791 -34.28332029
v -0.42611500 -6.77450482 -32.30198028
v -0.42611500 -6.91051847 -30.26645843
v -0.42611500 -7.65575090 -28.36738562
v -0.42611500 -8.94040953 -26.78261399
v -0.42611500 -10.64418338 -25.66056071
v -0.42611500 -12.60751049 -25.10630843
v -0.42611500 -14.64652115 -25.17176402
v -0.42611500 -15.29744663 -13.80037980
v -0.42611500 -15.47969960 -2.41183876
v 0.08834500 -6.41146568 26.04195963
v -0.16888500 -6.46927498 26.00442723
v -0.35719043 -6.62721293 25.90188680
v -0.27697704 -8.57794336 27.35132191
v -0.12265577 -8.84567614 27.50249205
v -0.02937258 -8.93003831 27.54284815
v 0.02682938 -8.95712901 27.55512821
v 0.08834500 -8.96723554 27.55962327
v 0.08834500 -7.97163158 27.32671723
v 0.08834500 -7.09247077 26.80465521
v -0.35719043 -7.64337642 26.87821273
v -0.16888500 -7.54723099 27.04012318
v 0.08834500 -6.38231834 25.99089515
v 0.08834500 -6.39138279 26.00828295
v 0.08834500 -6.40110328 26.02531269
v 29.92702500 -6.41146568 26.04195963
v 29.92702500 -6.40110328 26.02531269
v 29.92702500 -6.39138279 26.00828295
v 29.92702500 -6.38231834 25.99089515
v -0.16888500 -6.44403264 25.96020409
v -0.35719043 -6.61263925 25.87635456
v 30.37256043 -6.62721293 25.90188680
v 30.18425500 -6.46927498 26.00442723
v 29.92702500 -7.09247077 26.80465521
v 29.92702500 -7.97163158 27.32671723
v 29.92702500 -8.96723554 27.55962327
v 29.98673543 -8.95771598 27.55538952
v 30.04100234 -8.93238237 27.54392575
v 30.13434829 -8.84998670 27.50463269
v 30.29130515 -8.58042378 27.35289167
v 30.18425500 -7.54723099 27.04012318
v 30.37256043 -7.64337642 26.87821273
v 30.37256043 -6.61263925 25.87635456
v 30.18425500 -6.44403264 25.96020409
v 0.08834500 -4.56148369 21.71057594
v 0.08834500 -3.25976646 17.24491769
v 0.08834500 -2.49544611 12.65662980
v -0.11208156 -2.32009738 7.99543272
v -0.27836513 -2.43365890 7.95452274
v -0.38690940 -2.59841138 7.89515660
v -0.42606347 -2.78929445 7.82635239
v -0.16888500 -4.61001058 21.64141846
v -0.35719043 -4.78743093 21.57832365
v -0.16888500 -3.30536258 17.13437509
v -0.35719043 -3.48905266 17.09293973
v -0.16888500 -2.54879581 12.50369988
v -0.35719043 -2.73612171 12.48451809
v 29.92702500 -4.56148369 21.71057594
v 29.92702500 -3.25976646 17.24491769
v 29.92702500 -2.49544611 12.65662980
v 30.44143343 -2.78929146 7.82635347
v 30.40227854 -2.59840930 7.89515735
v 30.29373406 -2.43365781 7.95452313
v 30.12745084 -2.32009707 7.99543283
v 30.37256043 -4.78743093 21.57832365
v 30.18425500 -4.61001058 21.64141846
v 30.37256043 -3.48905266 17.09293973
v 30.18425500 -3.30536258 17.13437509
v 30.37256043 -2.73612171 12.48451809
v 30.18425500 -2.54879581 12.50369988
v 30.40702271 -13.75718534 -38.25218729
v 30.31287000 -13.75226664 -38.15816314
v 30.18425500 -13.75046627 -38.12374792
v 30.17881690 -13.80227439 -38.12082732
v 30.30157254 -13.82922426 -38.15182874
v 30.39324130 -13.85327897 -38.24000209
v 30.43060880 -13.86834686 -38.36301819
v 30.25257102 -13.78521756 -38.13183709
v 30.31711577 -13.79354067 -38.15993657
v 30.36155371 -13.80012078 -38.19431408
v 30.40447321 -13.80774816 -38.25001876
v 30.43086408 -13.81420399 -38.31550570
v 30.13904495 -14.00386337 -38.14897247
v 30.07647925 -14.16095914 -38.23766754
v 30.00365848 -14.26954102 -38.36154679
v 29.92702500 -14.33151382 -38.50604843
v 29.93642592 -14.33020750 -38.50132056
v 30.08719118 -14.28564346 -38.43175613
v 30.23013637 -14.19549377 -38.37908701
v 30.35270631 -14.05619354 -38.35180350
v 30.18876606 -14.02478264 -38.16276177
v 30.23533950 -14.04336507 -38.18838594
v 30.27086524 -14.05431957 -38.21729291
v 30.33254479 -14.06177402 -38.30110197
v 30.10873208 -14.17380837 -38.25174418
v 30.13820348 -14.18667845 -38.27326677
v 30.16184975 -14.19412418 -38.29409193
v 30.20921842 -14.19920539 -38.34794672
v 30.02167227 -14.27238510 -38.36723816
v 30.03615004 -14.27781251 -38.37990103
v 30.04813425 -14.28128595 -38.39103333
v 30.07412423 -14.28544890 -38.41732346
v 29.93255394 -14.32926756 -38.49762150
v 29.93338244 -14.32947877 -38.49841042
v 29.93407566 -14.32965127 -38.49907161
v 29.93561897 -14.33002154 -38.50054705
v -0.16888500 -13.75046627 -38.12374792
v -0.29750000 -13.75226664 -38.15816314
v -0.39165271 -13.75718534 -38.25218729
v -0.41523880 -13.86834686 -38.36301819
v -0.37787130 -13.85327897 -38.24000209
v -0.28620254 -13.82922426 -38.15182874
v -0.16344690 -13.80227439 -38.12082732
v -0.41162749 -13.81302615 -38.30180772
v -0.38174094 -13.80629432 -38.23789029
v -0.34618371 -13.80012078 -38.19431408
v -0.28944385 -13.79185959 -38.15290522
v -0.22345106 -13.78358655 -38.12836378
v -0.33733592 -14.05619414 -38.35180354
v -0.21476539 -14.19549459 -38.37908731
v -0.07181947 -14.28564424 -38.43175685
v 0.07894641 -14.33020785 -38.50132172
v 0.08834500 -14.33151382 -38.50604843
v 0.01171152 -14.26954103 -38.36154680
v -0.06110928 -14.16095908 -38.23766750
v -0.12367495 -14.00386333 -38.14897246
v -0.31650961 -14.06183419 -38.29979208
v -0.28654134 -14.06060106 -38.25212730
v -0.25549487 -14.05432020 -38.21729313
v -0.17213637 -14.02422464 -38.16223232
v -0.19324718 -14.19924532 -38.34713678
v -0.16878965 -14.19838257 -38.31715638
v -0.14647893 -14.19412497 -38.29409257
v -0.09257849 -14.17341708 -38.25123522
v -0.05839749 -14.28542566 -38.41694407
v -0.04457305 -14.28376905 -38.40260404
v -0.03276294 -14.28128672 -38.39103452
v -0.00592100 -14.27222564 -38.36691840
v 0.07977474 -14.33001688 -38.50052774
v 0.08060316 -14.32982035 -38.49973519
v 0.08129608 -14.32965175 -38.49907334
v 0.08283910 -14.32926254 -38.49760297
v -0.35719043 -11.52111495 -47.41601912
v -0.16888500 -11.65016704 -47.55314859
v 0.08834500 -11.69740339 -47.60334146
v 0.08834500 -13.25909418 -45.68104211
v 0.08834500 -14.25839302 -43.41487468
v 0.08834500 -14.62451129 -40.96537058
v -0.35719043 -14.36805578 -40.75848095
v -0.16888500 -14.55635585 -40.75705972
v -0.35719043 -14.04798930 -43.21302110
v -0.16888500 -14.22962843 -43.26268156
v -0.35719043 -13.07472982 -45.48897715
v -0.16888500 -13.23611435 -45.58600275
v 29.92702500 -14.62451129 -40.96537058
v 29.92702500 -14.25839302 -43.41487468
v 29.92702500 -13.25909418 -45.68104211
v 29.92702500 -11.69740339 -47.60334146
v 30.18425500 -11.65016704 -47.55314859
v 30.37256043 -11.52111495 -47.41601912
v 30.18425500 -14.55635585 -40.75705972
v 30.37256043 -14.36805578 -40.75848095
v 30.18425500 -14.22962843 -43.26268156
v 30.37256043 -14.04798930 -43.21302110
v 30.18425500 -13.23611435 -45.58600275
v 30.37256043 -13.07472982 -45.48897715
v 29.92702500 -11.48363126 -47.72407778
v 29.92702500 -11.56107255 -47.69550160
v 29.92702500 -11.63294671 -47.65490781
v 0.08834500 -11.63294671 -47.65490781
v 0.08834500 -11.56107255 -47.69550160
v 0.08834500 -11.48363126 -47.72407778
v 30.18425500 -11.46503495 -47.65770931
v 30.37256043 -11.41422889 -47.47638728
v -0.35719043 -11.41422889 -47.47638728
v -0.16888500 -11.46503495 -47.65770931
v 30.42201817 -14.63883206 -25.27020839
v 30.36646992 -14.63227091 -25.35385605
v 30.28307448 -14.62785629 -25.40995533
v 30.18425500 -14.62629541 -25.42975555
v 30.18425500 -12.66374821 -25.35863150
v 30.18425500 -10.77179696 -25.88510146
v 30.18425500 -9.12807769 -26.95973494
v 30.18425500 -7.88691985 -28.48163421
v 30.18425500 -7.16485622 -30.30790754
v 30.18425500 -7.02968164 -32.26708542
v 30.18425500 -7.49408770 -34.17521989
v 30.18425500 -8.51447114 -35.85315547
v 30.18425500 -9.99502776 -37.14335013
v 30.18425500 -11.79674752 -37.92466699
v 30.40702271 -11.76592048 -38.04954452
v 30.31287000 -11.78886078 -37.95822530
v 30.40702271 -9.92928682 -37.25394622
v 30.31287000 -9.97806513 -37.17339615
v 30.40702271 -8.41943479 -35.93996499
v 30.31287000 -8.48975208 -35.87730127
v 30.40702271 -7.37788505 -34.23076225
v 30.31287000 -7.46354166 -34.19152849
v 30.40702271 -6.90226362 -32.28654413
v 30.31287000 -6.99570362 -32.27422172
v 30.40702271 -7.03715121 -30.28954509
v 30.31287000 -7.13012626 -30.30524527
v 30.40702271 -7.76990460 -28.42694682
v 30.31287000 -7.85419929 -28.46931065
v 30.40702271 -9.04203617 -26.86413853
v 30.31287000 -9.10502293 -26.93411996
v 30.40702271 -10.71874106 -25.76793965
v 30.31287000 -10.75758067 -25.85370805
v 30.40702271 -12.64865937 -25.23090467
v 30.31287000 -12.65970517 -25.32440720
v 29.92702500 -9.35142737 -47.97574140
v 29.92702500 -7.24466802 -47.56198661
v 29.92702500 -5.36601562 -46.52261508
v 30.14075764 -5.36995698 -46.46668589
v 30.30723685 -5.37984701 -46.31946867
v 30.40746121 -5.39209650 -46.11927946
v 30.44143421 -5.40390597 -45.89710186
v 30.18425500 -9.79138627 -47.90962591
v 30.37256043 -9.78656552 -47.72138220
v 30.18425500 -8.10703713 -47.74370453
v 30.37256043 -8.14849571 -47.56001969
v 30.18425500 -6.51471216 -47.17006433
v 30.37256043 -6.59992160 -47.00214088
v 0.08834500 -9.35142737 -47.97574140
v 0.08834500 -7.24466802 -47.56198661
v 0.08834500 -5.36601562 -46.52261508
v 29.92702500 -4.19539942 -46.96145083
v 29.92702500 -2.94617112 -47.00990434
v 29.92702500 -1.74508091 -46.66305939
v 29.92702500 -0.71399479 -45.95610783
v 30.18425500 -0.76152679 -45.90619485
v 30.37256043 -0.89138663 -45.76983005
v 30.18425500 -4.46899043 -46.82450189
v 30.37256043 -4.41779153 -46.64329039
v 30.18425500 -3.15060228 -46.96029589
v 30.37256043 -3.16378855 -46.77245272
v 30.18425500 -1.86411544 -46.64164410
v 30.37256043 -1.94012895 -46.46936270
v 0.08834500 -0.71399479 -45.95610783
v 0.08834500 -0.63174199 -45.85497116
v 0.08834500 -0.57755088 -45.73640695
v 0.08834500 -0.55490102 -45.60802809
v 29.92702500 -0.55490102 -45.60802809
v 29.92702500 -0.57755088 -45.73640695
v 29.92702500 -0.63174199 -45.85497116
v 30.18425500 -0.62374755 -45.60474895
v 30.37256043 -0.81183974 -45.59579019
v 30.09443843 -0.63459637 -45.80293264
v 30.26715160 -0.74851786 -45.79899632
v -0.42606374 -5.40390392 -45.89714408
v -0.39208170 -5.39209472 -46.11931034
v -0.29185374 -5.37984587 -46.31948626
v -0.12537812 -5.36995661 -46.46669114
v -0.35719043 -9.78656552 -47.72138220
v -0.16888500 -9.79138627 -47.90962591
v -0.35719043 -8.14849571 -47.56001969
v -0.16888500 -8.10703713 -47.74370453
v -0.35719043 -6.59992160 -47.00214088
v -0.16888500 -6.51471216 -47.17006433
v -0.35719043 -0.89138663 -45.76983005
v -0.16888500 -0.76152679 -45.90619485
v 0.08834500 -1.74508091 -46.66305939
v 0.08834500 -2.94617112 -47.00990434
v 0.08834500 -4.19539942 -46.96145083
v -0.35719043 -4.41779153 -46.64329039
v -0.16888500 -4.46899043 -46.82450189
v -0.35719043 -3.16378855 -46.77245272
v -0.16888500 -3.15060228 -46.96029589
v -0.35719043 -1.94012895 -46.46936270
v -0.16888500 -1.86411544 -46.64164410
v -0.35719043 -0.81183974 -45.59579019
v -0.16888500 -0.62374755 -45.60474895
v -0.25178160 -0.74851786 -45.79899632
v -0.07906843 -0.63459637 -45.80293264
v 29.92702500 -0.49633739 -43.72866273
v 29.92702500 -0.49959678 -41.84838796
v 29.92702500 -0.56467566 -39.96923694
v 30.12422098 -0.60437744 -39.96227226
v 30.29038523 -0.71650719 -39.94261041
v 30.40105160 -0.88251911 -39.91352347
v 30.44143327 -1.07720961 -39.87944709
v 0.08834500 -0.49633739 -43.72866273
v 0.08834500 -0.49959678 -41.84838796
v 0.08834500 -0.56467566 -39.96923694
v -0.42606304 -1.07719288 -39.87945002
v -0.38567672 -0.88250744 -39.91352551
v -0.27500926 -0.71650117 -39.94261147
v -0.10884705 -0.60437579 -39.96227255
v 0.08834500 3.69814838 -27.96774772
v -0.10853032 3.66059958 -27.95662040
v -0.27543315 3.55347249 -27.92562284
v -0.38695406 3.39309198 -27.87941895
v -0.42605659 3.99450560 -4.42136575
v -0.38473047 4.18274351 -4.37198679
v -0.27276515 4.34179650 -4.33026930
v -0.10681487 4.44789779 -4.30244316
v 0.08834500 5.26019719 -9.01290258
v 0.08834500 5.56975595 -13.78630940
v 0.08834500 5.41083761 -18.56710267
v 0.08834500 4.78496686 -23.30941488
v -0.35719043 4.53149572 -23.26554202
v -0.16888500 4.71695430 -23.29818158
v -0.35719043 5.15401905 -18.55152505
v -0.16888500 5.34191630 -18.56422702
v -0.35719043 5.31269688 -13.79922953
v -0.16888500 5.50090990 -13.79184562
v -0.35719043 5.00600893 -9.05418645
v -0.16888500 5.19241076 -9.02679248
v -0.35719043 2.52479506 0.05920028
v -0.16888500 2.69754116 0.13432900
v -0.35719043 0.23186249 4.19990972
v -0.16888500 0.39141845 4.29994711
v 0.08834500 2.42993274 -32.02140166
v 0.08834500 1.00830426 -36.02383262
v -0.35719043 1.47603627 -33.99882152
v -0.16888500 1.65344741 -34.06194224
v 29.92702500 3.69814838 -27.96774772
v 29.92702500 2.42993274 -32.02140166
v 29.92702500 1.00830426 -36.02383262
v 29.92702500 5.26019719 -9.01290258
v 29.92702500 5.56975595 -13.78630940
v 29.92702500 5.41083761 -18.56710267
v 29.92702500 4.78496686 -23.30941488
v 30.12390032 3.66044992 -27.95713857
v 30.29080315 3.55329372 -27.92624180
v 30.40232406 3.39297707 -27.87981684
v 30.18425500 1.65342163 -34.06201470
v 30.37256043 1.47601054 -33.99889386
v 30.44142575 3.99455983 -4.42135152
v 30.40008381 4.18278127 -4.37197689
v 30.28811500 4.34181573 -4.33026426
v 30.12217178 4.44790299 -4.30244180
v 30.18425500 2.69753897 0.13433367
v 30.18425500 0.39141705 4.29994927
v 30.37256043 2.52479071 0.05920956
v 30.37256043 0.23185970 4.19991403
v 30.18425500 4.71695458 -23.29818006
v 30.37256043 4.53149627 -23.26553900
v 30.18425500 5.34191655 -18.56422396
v 30.37256043 5.15401956 -18.55151894
v 30.18425500 5.50090983 -13.79184102
v 30.37256043 5.31269674 -13.79922035
v 30.18425500 5.19241006 -9.02678638
v 30.37256043 5.00600755 -9.05417429
v -0.16888500 -11.79674752 -37.92466699
v -0.16888500 -9.99502776 -37.14335013
v -0.16888500 -8.51447114 -35.85315547
v -0.16888500 -7.49408770 -34.17521989
v -0.16888500 -7.02968164 -32.26708542
v -0.16888500 -7.16485622 -30.30790754
v -0.16888500 -7.88691985 -28.48163421
v -0.16888500 -9.12807769 -26.95973494
v -0.16888500 -10.77179696 -25.88510146
v -0.16888500 -12.66374821 -25.35863150
v -0.16888500 -14.62629541 -25.42975555
v -0.26750630 -14.62784979 -25.41003796
v -0.35094820 -14.63225891 -25.35400868
v -0.40657065 -14.63881734 -25.27039650
v -0.29750000 -11.78886078 -37.95822530
v -0.39165271 -11.76592048 -38.04954452
v -0.29750000 -9.97806513 -37.17339615
v -0.39165271 -9.92928682 -37.25394622
v -0.29750000 -8.48975208 -35.87730127
v -0.39165271 -8.41943479 -35.93996499
v -0.29750000 -7.46354166 -34.19152849
v -0.39165271 -7.37788505 -34.23076225
v -0.29750000 -6.99570362 -32.27422172
v -0.39165271 -6.90226362 -32.28654413
v -0.29750000 -7.13012626 -30.30524527
v -0.39165271 -7.03715121 -30.28954509
v -0.29750000 -7.85419929 -28.46931065
v -0.39165271 -7.76990460 -28.42694682
v -0.29750000 -9.10502293 -26.93411996
v -0.39165271 -9.04203617 -26.86413853
v -0.29750000 -10.75758067 -25.85370805
v -0.39165271 -10.71874106 -25.76793965
v -0.29750000 -12.65970517 -25.32440720
v -0.39165271 -12.64865937 -25.23090467
v -0.42611500 -17.66992531 -31.22552684
v -0.42611500 -16.71082455 -31.50124617
v -0.42611500 -15.77822440 -31.70207336
v -0.42611500 -14.87536340 -31.81885615
v -0.42611500 -13.99921234 -31.86015525
v -0.47756100 -13.99921234 -31.86015525
v -0.47756100 -14.87536340 -31.81885615
v -0.47756100 -15.77822440 -31.70207336
v -0.47756100 -16.71082455 -31.50124617
v -0.47756100 -17.66992531 -31.22552684
v -0.42611500 -17.70369090 -31.46945275
v -0.42611500 -17.69393985 -31.38794063
v -0.42611500 -17.68268337 -31.30662272
v -0.47756100 -17.68268337 -31.30662272
v -0.47756100 -17.69393985 -31.38794063
v -0.47756100 -17.70369090 -31.46945275
v -0.42611500 -13.99325975 -32.08868867
v -0.42611500 -14.66158558 -32.05154278
v -0.42611500 -15.49824533 -31.93800635
v -0.42611500 -16.51972991 -31.74059574
v -0.47756100 -16.51972991 -31.74059574
v -0.47756100 -15.49824533 -31.93800635
v -0.47756100 -14.66158558 -32.05154278
v -0.47756100 -13.99325975 -32.08868867
v -0.47756100 -14.00540031 -31.93639998
v -0.47756100 -14.00340852 -32.01286946
v -0.42611500 -17.50318692 -30.55380649
v -0.42611500 -17.23408224 -29.91616036
v -0.42611500 -16.86915050 -29.32808320
v -0.42611500 -15.97938170 -30.15488040
v -0.42611500 -15.19345541 -30.83658529
v -0.42611500 -14.52565503 -31.35324060
v -0.42611500 -13.96544083 -31.71957280
v -0.42611500 -13.97985542 -31.76563743
v -0.42611500 -13.99112972 -31.81256952
v -0.42611500 -13.98271085 -32.13578910
v -0.42611500 -13.96900863 -32.18207063
v -0.42611500 -13.95221552 -32.22732240
v -0.42611500 -14.73163415 -32.62963185
v -0.42611500 -15.57192610 -32.97992549
v -0.42611500 -16.47999512 -33.27230412
v -0.42611500 -17.44846040 -33.51307456
v -0.42611500 -17.63992089 -32.84797847
v -0.42611500 -17.72569247 -32.16120838
v -0.42611500 -11.73353771 -36.11393125
v -0.42611500 -11.97430815 -35.14546597
v -0.42611500 -12.26668678 -34.23739696
v -0.42611500 -12.61698041 -33.39710500
v -0.42611500 -13.01928987 -32.61768637
v -0.47756100 -13.01928987 -32.61768637
v -0.47756100 -12.61698041 -33.39710500
v -0.47756100 -12.26668678 -34.23739696
v -0.47756100 -11.97430815 -35.14546597
v -0.47756100 -11.73353771 -36.11393125
v -0.42611500 -11.50540888 -36.02121016
v -0.42611500 -11.58087598 -36.05352157
v -0.42611500 -11.65692758 -36.08443212
v -0.47756100 -11.65692758 -36.08443212
v -0.47756100 -11.58087598 -36.05352157
v -0.47756100 -11.50540888 -36.02121016
v -0.42611500 -12.82435042 -32.49826457
v -0.42611500 -12.52235679 -33.09562466
v -0.42611500 -12.20235235 -33.87696147
v -0.42611500 -11.86257266 -34.86029837
v -0.47756100 -11.86257266 -34.86029837
v -0.47756100 -12.20235235 -33.87696147
v -0.47756100 -12.52235679 -33.09562466
v -0.47756100 -12.82435042 -32.49826457
v -0.47756100 -12.95016602 -32.58492294
v -0.47756100 -12.88493740 -32.54496326
v -0.42611500 -12.39863379 -36.30539174
v -0.42611500 -13.08540388 -36.39116332
v -0.42611500 -13.77715951 -36.36916175
v -0.42611500 -13.50601653 -35.18520076
v -0.42611500 -13.30860592 -34.16371618
v -0.42611500 -13.19506949 -33.32705643
v -0.42611500 -13.15792360 -32.65873061
v -0.42611500 -13.11082316 -32.64818170
v -0.42611500 -13.06454163 -32.63447948
v -0.42611500 -12.78883470 -32.46557873
v -0.42611500 -12.75560483 -32.43057150
v -0.42611500 -12.72481220 -32.39340236
v -0.42611500 -11.98669268 -32.86724396
v -0.42611500 -11.26318351 -33.41981132
v -0.42611500 -10.55594169 -34.06003284
v -0.42611500 -9.86319573 -34.77836316
v -0.42611500 -10.34345559 -35.27672085
v -0.42611500 -10.89533014 -35.69438626
v -0.42611500 -10.46824911 -28.52866658
v -0.42611500 -11.19202661 -29.22798248
v -0.42611500 -11.83424108 -29.93758717
v -0.42611500 -12.38487465 -30.65874434
v -0.42611500 -12.85320991 -31.39028306
v -0.47756100 -12.85320991 -31.39028306
v -0.47756100 -12.38487465 -30.65874434
v -0.47756100 -11.83424108 -29.93758717
v -0.47756100 -11.19202661 -29.22798248
v -0.47756100 -10.46824911 -28.52866658
v -0.42611500 -10.66261234 -28.37746177
v -0.42611500 -10.59689630 -28.42666248
v -0.42611500 -10.53210117 -28.47706983
v -0.47756100 -10.53210117 -28.47706983
v -0.47756100 -10.59689630 -28.42666248
v -0.47756100 -10.66261234 -28.37746177
v -0.42611500 -12.20456711 -30.09385270
v -0.42611500 -11.51369491 -29.29686492
v -0.47756100 -11.51369491 -29.29686492
v -0.47756100 -12.20456711 -30.09385270
v -0.42611500 -13.05410195 -31.28117144
v -0.42611500 -12.69999664 -30.73808490
v -0.47756100 -12.69999664 -30.73808490
v -0.47756100 -13.05410195 -31.28117144
v -0.47756100 -12.91614580 -31.34680176
v -0.47756100 -12.98336621 -31.31029196
v -0.42611500 -9.96989142 -29.00892644
v -0.42611500 -9.55222600 -29.56080100
v -0.42611500 -9.22540211 -30.17087973
v -0.42611500 -10.38631389 -30.52804351
v -0.42611500 -11.36965079 -30.86782320
v -0.42611500 -12.15098761 -31.18782764
v -0.42611500 -12.74834770 -31.48982127
v -0.42611500 -12.78103354 -31.45430555
v -0.42611500 -12.81604077 -31.42107568
v -0.42611500 -13.10016658 -31.26675684
v -0.42611500 -13.14709867 -31.25548255
v -0.42611500 -13.19468440 -31.24739992
v -0.42611500 -13.15338530 -30.37124886
v -0.42611500 -13.03660251 -29.46838786
v -0.42611500 -12.83577531 -28.53578772
v -0.42611500 -12.56005599 -27.57668696
v -0.42611500 -11.88833564 -27.74342535
v -0.42611500 -11.25068951 -28.01253003
v -0.42611500 -14.84760371 -27.79815186
v -0.42611500 -14.60683326 -28.76661715
v -0.42611500 -14.31445464 -29.67468616
v -0.42611500 -13.96416100 -30.51497812
v -0.42611500 -13.56185154 -31.29439675
v -0.47756100 -13.56185154 -31.29439675
v -0.47756100 -13.96416100 -30.51497812
v -0.47756100 -14.31445464 -29.67468616
v -0.47756100 -14.60683326 -28.76661715
v -0.47756100 -14.84760371 -27.79815186
v -0.42611500 -15.07573254 -27.89087296
v -0.42611500 -15.00026544 -27.85856155
v -0.42611500 -14.92421383 -27.82765100
v -0.47756100 -14.92421383 -27.82765100
v -0.47756100 -15.00026544 -27.85856155
v -0.47756100 -15.07573254 -27.89087296
v -0.42611500 -13.75679100 -31.41381855
v -0.42611500 -14.05878463 -30.81645846
v -0.42611500 -14.37878907 -30.03512164
v -0.42611500 -14.71856876 -29.05178474
v -0.47756100 -14.71856876 -29.05178474
v -0.47756100 -14.37878907 -30.03512164
v -0.47756100 -14.05878463 -30.81645846
v -0.47756100 -13.75679100 -31.41381855
v -0.47756100 -13.63097540 -31.32716017
v -0.47756100 -13.69620402 -31.36711986
v -0.42611500 -14.18250762 -27.60669137
v -0.42611500 -13.49573753 -27.52091979
v -0.42611500 -12.80398190 -27.54292137
v -0.42611500 -13.07512489 -28.72688235
v -0.42611500 -13.27253550 -29.74836693
v -0.42611500 -13.38607193 -30.58502668
v -0.42611500 -13.42321782 -31.25335251
v -0.42611500 -13.47031825 -31.26390142
v -0.42611500 -13.51659978 -31.27760364
v -0.42611500 -13.79230672 -31.44650439
v -0.42611500 -13.82553659 -31.48151162
v -0.42611500 -13.85632921 -31.51868076
v -0.42611500 -14.59444874 -31.04483916
v -0.42611500 -15.31795790 -30.49227180
v -0.42611500 -16.02519973 -29.85205027
v -0.42611500 -16.71794569 -29.13371996
v -0.42611500 -16.23768583 -28.63536227
v -0.42611500 -15.68581127 -28.21769685
v -0.42611500 -9.13268101 -30.39900856
v -0.42611500 -10.10114630 -30.63977900
v -0.42611500 -11.00921531 -30.93215763
v -0.42611500 -11.84950727 -31.28245126
v -0.42611500 -12.62892589 -31.68476072
v -0.47756100 -12.62892589 -31.68476072
v -0.47756100 -11.84950727 -31.28245126
v -0.47756100 -11.00921531 -30.93215763
v -0.47756100 -10.10114630 -30.63977900
v -0.47756100 -9.13268101 -30.39900856
v -0.42611500 -9.19309070 -30.24634683
v -0.42611500 -9.16218015 -30.32239844
v -0.47756100 -9.16218015 -30.32239844
v -0.47756100 -9.19309070 -30.24634683
v -0.47756100 -9.22540211 -30.17087973
v -0.47756100 -10.38631389 -30.52804351
v -0.47756100 -11.36965079 -30.86782320
v -0.47756100 -12.15098761 -31.18782764
v -0.47756100 -12.74834770 -31.48982127
v -0.47756100 -12.66168932 -31.61563687
v -0.47756100 -12.70164901 -31.55040825
v -0.42611500 -8.94122052 -31.06410464
v -0.42611500 -8.85544894 -31.75087473
v -0.42611500 -8.87745052 -32.44263037
v -0.42611500 -10.06141150 -32.17148738
v -0.42611500 -11.08289608 -31.97407677
v -0.42611500 -11.91955583 -31.86054034
v -0.42611500 -12.58788166 -31.82339445
v -0.42611500 -12.59843057 -31.77629401
v -0.42611500 -12.61213279 -31.73001249
v -0.42611500 -14.02108542 -36.33539616
v -0.42611500 -13.74536610 -35.37629540
v -0.42611500 -13.54453891 -34.44369525
v -0.42611500 -13.42775612 -33.54083426
v -0.42611500 -13.38645702 -32.66468319
v -0.47756100 -13.38645702 -32.66468319
v -0.47756100 -13.42775612 -33.54083426
v -0.47756100 -13.54453891 -34.44369525
v -0.47756100 -13.74536610 -35.37629540
v -0.47756100 -14.02108542 -36.33539616
v -0.42611500 -13.85867164 -36.35941070
v -0.42611500 -13.93998954 -36.34815422
v -0.47756100 -13.93998954 -36.34815422
v -0.47756100 -13.85867164 -36.35941070
v -0.47756100 -13.77715951 -36.36916175
v -0.47756100 -13.50601653 -35.18520076
v -0.47756100 -13.30860592 -34.16371618
v -0.47756100 -13.19506949 -33.32705643
v -0.47756100 -13.15792360 -32.65873061
v -0.47756100 -13.31021229 -32.67087116
v -0.47756100 -13.23374281 -32.66887937
v -0.42611500 -14.69280577 -36.16865777
v -0.42611500 -15.33045191 -35.89955309
v -0.42611500 -15.91852907 -35.53462135
v -0.42611500 -15.09173186 -34.64485255
v -0.42611500 -14.41002697 -33.85892626
v -0.42611500 -13.89337166 -33.19112588
v -0.42611500 -13.52703946 -32.63091168
v -0.42611500 -13.48097484 -32.64532627
v -0.42611500 -13.43404275 -32.65660057
v -0.47756100 -13.95221552 -32.22732240
v -0.47756100 -14.73163415 -32.62963185
v -0.47756100 -15.57192610 -32.97992549
v -0.47756100 -16.47999512 -33.27230412
v -0.47756100 -17.44846040 -33.51307456
v -0.42611500 -17.35573931 -33.74120339
v -0.42611500 -17.38805072 -33.66573629
v -0.42611500 -17.41896127 -33.58968468
v -0.47756100 -17.41896127 -33.58968468
v -0.47756100 -17.38805072 -33.66573629
v -0.47756100 -17.35573931 -33.74120339
v -0.42611500 -13.83279372 -32.42226185
v -0.42611500 -14.43015381 -32.72425548
v -0.42611500 -15.21149062 -33.04425992
v -0.42611500 -16.19482752 -33.38403961
v -0.47756100 -16.19482752 -33.38403961
v -0.47756100 -15.21149062 -33.04425992
v -0.47756100 -14.43015381 -32.72425548
v -0.47756100 -13.83279372 -32.42226185
v -0.47756100 -13.91945209 -32.29644625
v -0.47756100 -13.87949241 -32.36167487
v -0.42611500 -13.80010788 -32.45777757
v -0.42611500 -13.76510064 -32.49100744
v -0.42611500 -13.72793151 -32.52180006
v -0.42611500 -14.20177311 -33.25991959
v -0.42611500 -14.75434047 -33.98342875
v -0.42611500 -15.39456199 -34.69067058
v -0.42611500 -16.11289231 -35.38341654
v -0.42611500 -16.61125000 -34.90315668
v -0.42611500 -17.02891541 -34.35128212
v -0.47756100 -12.72481220 -32.39340236
v -0.47756100 -11.98669268 -32.86724396
v -0.47756100 -11.26318351 -33.41981132
v -0.47756100 -10.55594169 -34.06003284
v -0.47756100 -9.86319573 -34.77836316
v -0.42611500 -9.71199092 -34.58399992
v -0.42611500 -9.76119163 -34.64971597
v -0.42611500 -9.81159898 -34.71451110
v -0.47756100 -9.81159898 -34.71451110
v -0.47756100 -9.76119163 -34.64971597
v -0.47756100 -9.71199092 -34.58399992
v -0.42611500 -12.61570059 -32.19251032
v -0.42611500 -12.05548639 -32.55884251
v -0.42611500 -11.38768600 -33.07549782
v -0.42611500 -10.60175971 -33.75720271
v -0.47756100 -10.60175971 -33.75720271
v -0.47756100 -11.38768600 -33.07549782
v -0.47756100 -12.05548639 -32.55884251
v -0.47756100 -12.61570059 -32.19251032
v -0.47756100 -12.68133090 -32.33046647
v -0.47756100 -12.64482111 -32.26324606
v -0.42611500 -12.60128599 -32.14644569
v -0.42611500 -12.59001170 -32.09951360
v -0.42611500 -12.58192907 -32.05192787
v -0.42611500 -11.70577801 -32.09322697
v -0.42611500 -10.80291701 -32.21000976
v -0.42611500 -9.87031687 -32.41083695
v -0.42611500 -8.91121610 -32.68655627
v -0.42611500 -9.07795450 -33.35827662
v -0.42611500 -9.34705918 -33.99592276
v -0.47756100 -13.19468440 -31.24739992
v -0.47756100 -13.15338530 -30.37124886
v -0.47756100 -13.03660251 -29.46838786
v -0.47756100 -12.83577531 -28.53578772
v -0.47756100 -12.56005599 -27.57668696
v -0.42611500 -12.72246977 -27.55267241
v -0.42611500 -12.64115187 -27.56392889
v -0.47756100 -12.64115187 -27.56392889
v -0.47756100 -12.72246977 -27.55267241
v -0.47756100 -12.80398190 -27.54292137
v -0.47756100 -13.07512489 -28.72688235
v -0.47756100 -13.27253550 -29.74836693
v -0.47756100 -13.38607193 -30.58502668
v -0.47756100 -13.42321782 -31.25335251
v -0.47756100 -13.27092913 -31.24121196
v -0.47756100 -13.34739861 -31.24320375
v -0.47756100 -13.85632921 -31.51868076
v -0.47756100 -14.59444874 -31.04483916
v -0.47756100 -15.31795790 -30.49227180
v -0.47756100 -16.02519973 -29.85205027
v -0.47756100 -16.71794569 -29.13371996
v -0.42611500 -16.81994978 -29.26236715
v -0.42611500 -16.76954243 -29.19757202
v -0.47756100 -16.76954243 -29.19757202
v -0.47756100 -16.81994978 -29.26236715
v -0.47756100 -16.86915050 -29.32808320
v -0.47756100 -15.97938170 -30.15488040
v -0.47756100 -15.19345541 -30.83658529
v -0.47756100 -14.52565503 -31.35324060
v -0.47756100 -13.96544083 -31.71957280
v -0.47756100 -13.89981051 -31.58161665
v -0.47756100 -13.93632031 -31.64883706
v -0.47756100 -12.58192907 -32.05192787
v -0.47756100 -11.70577801 -32.09322697
v -0.47756100 -10.80291701 -32.21000976
v -0.47756100 -9.87031687 -32.41083695
v -0.47756100 -8.91121610 -32.68655627
v -0.42611500 -8.88720156 -32.52414249
v -0.42611500 -8.89845804 -32.60546039
v -0.47756100 -8.89845804 -32.60546039
v -0.47756100 -8.88720156 -32.52414249
v -0.47756100 -8.87745052 -32.44263037
v -0.47756100 -10.06141150 -32.17148738
v -0.47756100 -11.08289608 -31.97407677
v -0.47756100 -11.91955583 -31.86054034
v -0.47756100 -12.58788166 -31.82339445
v -0.47756100 -12.57574111 -31.97568314
v -0.47756100 -12.57773290 -31.89921366
v -0.47756100 -13.72793151 -32.52180006
v -0.47756100 -14.20177311 -33.25991959
v -0.47756100 -14.75434047 -33.98342875
v -0.47756100 -15.39456199 -34.69067058
v -0.47756100 -16.11289231 -35.38341654
v -0.42611500 -15.98424512 -35.48542063
v -0.42611500 -16.04904025 -35.43501328
v -0.47756100 -16.04904025 -35.43501328
v -0.47756100 -15.98424512 -35.48542063
v -0.47756100 -15.91852907 -35.53462135
v -0.47756100 -15.09173186 -34.64485255
v -0.47756100 -14.41002697 -33.85892626
v -0.47756100 -13.89337166 -33.19112588
v -0.47756100 -13.52703946 -32.63091168
v -0.47756100 -13.66499562 -32.56528136
v -0.47756100 -13.59777520 -32.60179116
v -0.29750000 -13.29057071 -32.67114096
v -0.29750000 -12.93302101 -32.57533581
v -0.29750000 -12.67127646 -32.31359126
v -0.29750000 -12.57547131 -31.95604156
v -0.29750000 -12.67127646 -31.59849186
v -0.29750000 -12.93302101 -31.33674731
v -0.29750000 -13.29057071 -31.24094216
v -0.29750000 -13.64812041 -31.33674731
v -0.29750000 -13.90986495 -31.59849186
v -0.29750000 -14.00567011 -31.95604156
v -0.29750000 -13.90986495 -32.31359126
v -0.29750000 -13.64812041 -32.57533581
v 30.44148500 -16.86915050 -29.32808320
v 30.44148500 -15.94974734 -30.17916576
v 30.44148500 -15.15275957 -30.87003797
v 30.44148500 -14.49536664 -31.37821628
v 30.44148500 -13.96544083 -31.71957280
v 30.49293100 -13.96544083 -31.71957280
v 30.49293100 -14.49536664 -31.37821628
v 30.49293100 -15.15275957 -30.87003797
v 30.49293100 -15.94974734 -30.17916576
v 30.49293100 -16.86915050 -29.32808320
v 30.44148500 -16.71794569 -29.13371996
v 30.44148500 -16.76954243 -29.19757202
v 30.44148500 -16.81994978 -29.26236715
v 30.49293100 -16.81994978 -29.26236715
v 30.49293100 -16.76954243 -29.19757202
v 30.49293100 -16.71794569 -29.13371996
v 30.44148500 -13.85632921 -31.51868076
v 30.44148500 -14.58786792 -31.05034550
v 30.44148500 -15.30902510 -30.49971194
v 30.44148500 -16.01862979 -29.85749746
v 30.49293100 -16.01862979 -29.85749746
v 30.49293100 -15.30902510 -30.49971194
v 30.49293100 -14.58786792 -31.05034550
v 30.49293100 -13.85632921 -31.51868076
v 30.49293100 -13.93632031 -31.64883706
v 30.49293100 -13.89981051 -31.58161665
v 30.44148500 -17.23408224 -29.91616036
v 30.44148500 -17.50318692 -30.55380649
v 30.44148500 -17.66992531 -31.22552684
v 30.44148500 -16.70241122 -31.50267860
v 30.44148500 -15.76676830 -31.70405030
v 30.44148500 -14.86691108 -31.82033437
v 30.44148500 -13.99921234 -31.86015525
v 30.44148500 -13.99112972 -31.81256952
v 30.44148500 -13.97985542 -31.76563743
v 30.44148500 -13.82553659 -31.48151162
v 30.44148500 -13.79230672 -31.44650439
v 30.44148500 -13.75679100 -31.41381855
v 30.44148500 -14.04504195 -30.85323223
v 30.44148500 -14.36027177 -30.08444043
v 30.44148500 -14.70504733 -29.08763366
v 30.44148500 -15.07573254 -27.89087296
v 30.44148500 -15.68581127 -28.21769685
v 30.44148500 -16.23768583 -28.63536227
v 30.44148500 -9.22540211 -30.17087973
v 30.44148500 -10.42216281 -30.54156493
v 30.44148500 -11.41896958 -30.88634049
v 30.44148500 -12.18776138 -31.20157031
v 30.44148500 -12.74834770 -31.48982127
v 30.49293100 -12.74834770 -31.48982127
v 30.49293100 -12.18776138 -31.20157031
v 30.49293100 -11.41896958 -30.88634049
v 30.49293100 -10.42216281 -30.54156493
v 30.49293100 -9.22540211 -30.17087973
v 30.44148500 -9.13268101 -30.39900856
v 30.44148500 -9.16218015 -30.32239844
v 30.44148500 -9.19309070 -30.24634683
v 30.49293100 -9.19309070 -30.24634683
v 30.49293100 -9.16218015 -30.32239844
v 30.49293100 -9.13268101 -30.39900856
v 30.44148500 -12.62892589 -31.68476072
v 30.44148500 -11.85756631 -31.28539724
v 30.44148500 -11.02012506 -30.93617359
v 30.44148500 -10.10914867 -30.64274514
v 30.49293100 -10.10914867 -30.64274514
v 30.49293100 -11.02012506 -30.93617359
v 30.49293100 -11.85756631 -31.28539724
v 30.49293100 -12.62892589 -31.68476072
v 30.49293100 -12.70164901 -31.55040825
v 30.49293100 -12.66168932 -31.61563687
v 30.44148500 -9.55222600 -29.56080100
v 30.44148500 -9.96989142 -29.00892644
v 30.44148500 -10.46824911 -28.52866658
v 30.44148500 -11.19202661 -29.22798248
v 30.44148500 -11.83424108 -29.93758717
v 30.44148500 -12.38487465 -30.65874434
v 30.44148500 -12.85320991 -31.39028306
v 30.44148500 -12.81604077 -31.42107568
v 30.44148500 -12.78103354 -31.45430555
v 30.44148500 -12.61213279 -31.73001249
v 30.44148500 -12.59843057 -31.77629401
v 30.44148500 -12.58788166 -31.82339445
v 30.44148500 -11.95827419 -31.85405496
v 30.44148500 -11.13486605 -31.96545383
v 30.44148500 -10.09921829 -32.16527282
v 30.44148500 -8.87745052 -32.44263037
v 30.44148500 -8.85544894 -31.75087473
v 30.44148500 -8.94122052 -31.06410464
v 30.44148500 -13.77715951 -36.36916175
v 30.44148500 -13.49980197 -35.14739398
v 30.44148500 -13.29998298 -34.11174622
v 30.44148500 -13.18858411 -33.28833808
v 30.44148500 -13.15792360 -32.65873061
v 30.49293100 -13.15792360 -32.65873061
v 30.49293100 -13.18858411 -33.28833808
v 30.49293100 -13.29998298 -34.11174622
v 30.49293100 -13.49980197 -35.14739398
v 30.49293100 -13.77715951 -36.36916175
v 30.44148500 -14.02108542 -36.33539616
v 30.44148500 -13.93998954 -36.34815422
v 30.44148500 -13.85867164 -36.35941070
v 30.49293100 -13.85867164 -36.35941070
v 30.49293100 -13.93998954 -36.34815422
v 30.49293100 -14.02108542 -36.33539616
v 30.44148500 -13.38645702 -32.66468319
v 30.44148500 -13.42627789 -33.53238193
v 30.44148500 -13.54256196 -34.43223915
v 30.44148500 -13.74393367 -35.36788207
v 30.49293100 -13.74393367 -35.36788207
v 30.49293100 -13.54256196 -34.43223915
v 30.49293100 -13.42627789 -33.53238193
v 30.49293100 -13.38645702 -32.66468319
v 30.49293100 -13.23374281 -32.66887937
v 30.49293100 -13.31021229 -32.67087116
v 30.44148500 -13.08540388 -36.39116332
v 30.44148500 -12.39863379 -36.30539174
v 30.44148500 -11.73353771 -36.11393125
v 30.44148500 -11.97727429 -35.13746360
v 30.44148500 -12.27070274 -34.22648720
v 30.44148500 -12.61992639 -33.38904596
v 30.44148500 -13.01928987 -32.61768637
v 30.44148500 -13.06454163 -32.63447948
v 30.44148500 -13.11082316 -32.64818170
v 30.44148500 -13.43404275 -32.65660057
v 30.44148500 -13.48097484 -32.64532627
v 30.44148500 -13.52703946 -32.63091168
v 30.44148500 -13.86839598 -33.16083749
v 30.44148500 -14.37657430 -33.81823042
v 30.44148500 -15.06744650 -34.61521820
v 30.44148500 -15.91852907 -35.53462135
v 30.44148500 -15.33045191 -35.89955309
v 30.44148500 -14.69280577 -36.16865777
v 30.44148500 -17.70369090 -31.46945275
v 30.44148500 -16.48192313 -31.74681030
v 30.44148500 -15.44627537 -31.94662929
v 30.44148500 -14.62286723 -32.05802816
v 30.44148500 -13.99325975 -32.08868867
v 30.49293100 -13.99325975 -32.08868867
v 30.49293100 -14.62286723 -32.05802816
v 30.49293100 -15.44627537 -31.94662929
v 30.49293100 -16.48192313 -31.74681030
v 30.49293100 -17.70369090 -31.46945275
v 30.44148500 -17.68268337 -31.30662272
v 30.44148500 -17.69393985 -31.38794063
v 30.49293100 -17.69393985 -31.38794063
v 30.49293100 -17.68268337 -31.30662272
v 30.49293100 -17.66992531 -31.22552684
v 30.49293100 -16.70241122 -31.50267860
v 30.49293100 -15.76676830 -31.70405030
v 30.49293100 -14.86691108 -31.82033437
v 30.49293100 -13.99921234 -31.86015525
v 30.49293100 -14.00340852 -32.01286946
v 30.49293100 -14.00540031 -31.93639998
v 30.44148500 -17.72569247 -32.16120838
v 30.44148500 -17.63992089 -32.84797847
v 30.44148500 -17.44846040 -33.51307456
v 30.44148500 -16.47199275 -33.26933797
v 30.44148500 -15.56101635 -32.97590953
v 30.44148500 -14.72357511 -32.62668587
v 30.44148500 -13.95221552 -32.22732240
v 30.44148500 -13.96900863 -32.18207063
v 30.44148500 -13.98271085 -32.13578910
v 30.44148500 -11.50540888 -36.02121016
v 30.44148500 -11.87609408 -34.82444945
v 30.44148500 -12.22086964 -33.82764269
v 30.44148500 -12.53609946 -33.05885089
v 30.44148500 -12.82435042 -32.49826457
v 30.49293100 -12.82435042 -32.49826457
v 30.49293100 -12.53609946 -33.05885089
v 30.49293100 -12.22086964 -33.82764269
v 30.49293100 -11.87609408 -34.82444945
v 30.49293100 -11.50540888 -36.02121016
v 30.44148500 -11.65692758 -36.08443212
v 30.44148500 -11.58087598 -36.05352157
v 30.49293100 -11.58087598 -36.05352157
v 30.49293100 -11.65692758 -36.08443212
v 30.49293100 -11.73353771 -36.11393125
v 30.49293100 -11.97727429 -35.13746360
v 30.49293100 -12.27070274 -34.22648720
v 30.49293100 -12.61992639 -33.38904596
v 30.49293100 -13.01928987 -32.61768637
v 30.49293100 -12.88493740 -32.54496326
v 30.49293100 -12.95016602 -32.58492294
v 30.44148500 -10.89533014 -35.69438626
v 30.44148500 -10.34345559 -35.27672085
v 30.44148500 -9.86319573 -34.77836316
v 30.44148500 -10.56251163 -34.05458566
v 30.44148500 -11.27211632 -33.41237118
v 30.44148500 -11.99327349 -32.86173762
v 30.44148500 -12.72481220 -32.39340236
v 30.44148500 -12.75560483 -32.43057150
v 30.44148500 -12.78883470 -32.46557873
v 30.44148500 -10.66261234 -28.37746177
v 30.44148500 -11.51369491 -29.29686492
v 30.44148500 -12.20456711 -30.09385270
v 30.44148500 -12.71274543 -30.75124563
v 30.44148500 -13.05410195 -31.28117144
v 30.49293100 -13.05410195 -31.28117144
v 30.49293100 -12.71274543 -30.75124563
v 30.49293100 -12.20456711 -30.09385270
v 30.49293100 -11.51369491 -29.29686492
v 30.49293100 -10.66261234 -28.37746177
v 30.44148500 -10.53210117 -28.47706983
v 30.44148500 -10.59689630 -28.42666248
v 30.49293100 -10.59689630 -28.42666248
v 30.49293100 -10.53210117 -28.47706983
v 30.49293100 -10.46824911 -28.52866658
v 30.49293100 -11.19202661 -29.22798248
v 30.49293100 -11.83424108 -29.93758717
v 30.49293100 -12.38487465 -30.65874434
v 30.49293100 -12.85320991 -31.39028306
v 30.49293100 -12.98336621 -31.31029196
v 30.49293100 -12.91614580 -31.34680176
v 30.44148500 -11.25068951 -28.01253003
v 30.44148500 -11.88833564 -27.74342535
v 30.44148500 -12.56005599 -27.57668696
v 30.44148500 -12.83720775 -28.54420105
v 30.44148500 -13.03857945 -29.47984397
v 30.44148500 -13.15486352 -30.37970119
v 30.44148500 -13.19468440 -31.24739992
v 30.44148500 -13.14709867 -31.25548255
v 30.44148500 -13.10016658 -31.26675684
v 30.49293100 -13.75679100 -31.41381855
v 30.49293100 -14.04504195 -30.85323223
v 30.49293100 -14.36027177 -30.08444043
v 30.49293100 -14.70504733 -29.08763366
v 30.49293100 -15.07573254 -27.89087296
v 30.44148500 -14.84760371 -27.79815186
v 30.44148500 -14.92421383 -27.82765100
v 30.44148500 -15.00026544 -27.85856155
v 30.49293100 -15.00026544 -27.85856155
v 30.49293100 -14.92421383 -27.82765100
v 30.49293100 -14.84760371 -27.79815186
v 30.44148500 -13.56185154 -31.29439675
v 30.44148500 -13.96121502 -30.52303716
v 30.44148500 -14.31043868 -29.68559591
v 30.44148500 -14.60386712 -28.77461952
v 30.49293100 -14.60386712 -28.77461952
v 30.49293100 -14.31043868 -29.68559591
v 30.49293100 -13.96121502 -30.52303716
v 30.49293100 -13.56185154 -31.29439675
v 30.49293100 -13.69620402 -31.36711986
v 30.49293100 -13.63097540 -31.32716017
v 30.44148500 -13.51659978 -31.27760364
v 30.44148500 -13.47031825 -31.26390142
v 30.44148500 -13.42321782 -31.25335251
v 30.44148500 -13.39255731 -30.62374504
v 30.44148500 -13.28115844 -29.80033690
v 30.44148500 -13.08133945 -28.76468914
v 30.44148500 -12.80398190 -27.54292137
v 30.44148500 -13.49573753 -27.52091979
v 30.44148500 -14.18250762 -27.60669137
v 30.49293100 -12.58788166 -31.82339445
v 30.49293100 -11.95827419 -31.85405496
v 30.49293100 -11.13486605 -31.96545383
v 30.49293100 -10.09921829 -32.16527282
v 30.49293100 -8.87745052 -32.44263037
v 30.44148500 -8.91121610 -32.68655627
v 30.44148500 -8.89845804 -32.60546039
v 30.44148500 -8.88720156 -32.52414249
v 30.49293100 -8.88720156 -32.52414249
v 30.49293100 -8.89845804 -32.60546039
v 30.49293100 -8.91121610 -32.68655627
v 30.44148500 -12.58192907 -32.05192787
v 30.44148500 -11.71423033 -32.09174874
v 30.44148500 -10.81437312 -32.20803281
v 30.44148500 -9.87873019 -32.40940452
v 30.49293100 -9.87873019 -32.40940452
v 30.49293100 -10.81437312 -32.20803281
v 30.49293100 -11.71423033 -32.09174874
v 30.49293100 -12.58192907 -32.05192787
v 30.49293100 -12.57773290 -31.89921366
v 30.49293100 -12.57574111 -31.97568314
v 30.44148500 -12.59001170 -32.09951360
v 30.44148500 -12.60128599 -32.14644569
v 30.44148500 -12.61570059 -32.19251032
v 30.44148500 -12.08577478 -32.53386683
v 30.44148500 -11.42838184 -33.04204515
v 30.44148500 -10.63139407 -33.73291735
v 30.44148500 -9.71199092 -34.58399992
v 30.44148500 -9.34705918 -33.99592276
v 30.44148500 -9.07795450 -33.35827662
v 30.49293100 -13.52703946 -32.63091168
v 30.49293100 -13.86839598 -33.16083749
v 30.49293100 -14.37657430 -33.81823042
v 30.49293100 -15.06744650 -34.61521820
v 30.49293100 -15.91852907 -35.53462135
v 30.44148500 -16.11289231 -35.38341654
v 30.44148500 -16.04904025 -35.43501328
v 30.44148500 -15.98424512 -35.48542063
v 30.49293100 -15.98424512 -35.48542063
v 30.49293100 -16.04904025 -35.43501328
v 30.49293100 -16.11289231 -35.38341654
v 30.44148500 -13.72793151 -32.52180006
v 30.44148500 -14.19626676 -33.25333877
v 30.44148500 -14.74690033 -33.97449595
v 30.44148500 -15.38911480 -34.68410064
v 30.49293100 -15.38911480 -34.68410064
v 30.49293100 -14.74690033 -33.97449595
v 30.49293100 -14.19626676 -33.25333877
v 30.49293100 -13.72793151 -32.52180006
v 30.49293100 -13.59777520 -32.60179116
v 30.49293100 -13.66499562 -32.56528136
v 30.44148500 -13.76510064 -32.49100744
v 30.44148500 -13.80010788 -32.45777757
v 30.44148500 -13.83279372 -32.42226185
v 30.44148500 -14.39338004 -32.71051280
v 30.44148500 -15.16217184 -33.02574262
v 30.44148500 -16.15897860 -33.37051818
v 30.44148500 -17.35573931 -33.74120339
v 30.44148500 -17.02891541 -34.35128212
v 30.44148500 -16.61125000 -34.90315668
v 30.49293100 -13.83279372 -32.42226185
v 30.49293100 -14.39338004 -32.71051280
v 30.49293100 -15.16217184 -33.02574262
v 30.49293100 -16.15897860 -33.37051818
v 30.49293100 -17.35573931 -33.74120339
v 30.44148500 -17.41896127 -33.58968468
v 30.44148500 -17.38805072 -33.66573629
v 30.49293100 -17.38805072 -33.66573629
v 30.49293100 -17.41896127 -33.58968468
v 30.49293100 -17.44846040 -33.51307456
v 30.49293100 -16.47199275 -33.26933797
v 30.49293100 -15.56101635 -32.97590953
v 30.49293100 -14.72357511 -32.62668587
v 30.49293100 -13.95221552 -32.22732240
v 30.49293100 -13.87949241 -32.36167487
v 30.49293100 -13.91945209 -32.29644625
v 30.49293100 -12.61570059 -32.19251032
v 30.49293100 -12.08577478 -32.53386683
v 30.49293100 -11.42838184 -33.04204515
v 30.49293100 -10.63139407 -33.73291735
v 30.49293100 -9.71199092 -34.58399992
v 30.44148500 -9.81159898 -34.71451110
v 30.44148500 -9.76119163 -34.64971597
v 30.49293100 -9.76119163 -34.64971597
v 30.49293100 -9.81159898 -34.71451110
v 30.49293100 -9.86319573 -34.77836316
v 30.49293100 -10.56251163 -34.05458566
v 30.49293100 -11.27211632 -33.41237118
v 30.49293100 -11.99327349 -32.86173762
v 30.49293100 -12.72481220 -32.39340236
v 30.49293100 -12.64482111 -32.26324606
v 30.49293100 -12.68133090 -32.33046647
v 30.49293100 -13.42321782 -31.25335251
v 30.49293100 -13.39255731 -30.62374504
v 30.49293100 -13.28115844 -29.80033690
v 30.49293100 -13.08133945 -28.76468914
v 30.49293100 -12.80398190 -27.54292137
v 30.44148500 -12.64115187 -27.56392889
v 30.44148500 -12.72246977 -27.55267241
v 30.49293100 -12.72246977 -27.55267241
v 30.49293100 -12.64115187 -27.56392889
v 30.49293100 -12.56005599 -27.57668696
v 30.49293100 -12.83720775 -28.54420105
v 30.49293100 -13.03857945 -29.47984397
v 30.49293100 -13.15486352 -30.37970119
v 30.49293100 -13.19468440 -31.24739992
v 30.49293100 -13.34739861 -31.24320375
v 30.49293100 -13.27092913 -31.24121196
v 30.31287000 -13.29057071 -31.24094216
v 30.31287000 -12.93302101 -31.33674731
v 30.31287000 -12.67127646 -31.59849186
v 30.31287000 -12.57547131 -31.95604156
v 30.31287000 -12.67127646 -32.31359126
v 30.31287000 -12.93302101 -32.57533581
v 30.31287000 -13.29057071 -32.67114096
v 30.31287000 -13.64812041 -32.57533581
v 30.31287000 -13.90986495 -32.31359126
v 30.31287000 -14.00567011 -31.95604156
v 30.31287000 -13.90986495 -31.59849186
v 30.31287000 -13.64812041 -31.33674731
v 26.32580500 -13.29057071 -26.48725687
v 26.32580500 -12.07365163 -26.62437072
v 26.32580500 -10.91775396 -27.02883681
v 26.32580500 -9.88083922 -27.68037352
v 26.32580500 -9.01490266 -28.54631007
v 26.32580500 -8.36336595 -29.58322481
v 26.32580500 -7.95889987 -30.73912248
v 26.32580500 -7.82178602 -31.95604156
v 26.32580500 -7.95889987 -33.17296064
v 26.32580500 -8.36336595 -34.32885831
v 26.32580500 -9.01490266 -35.36577304
v 26.32580500 -9.88083922 -36.23170960
v 26.32580500 -10.91775396 -36.88324631
v 26.32580500 -12.07365163 -37.28771240
v 26.32580500 -13.29057071 -37.42482625
v 26.32580500 -14.50748979 -37.28771240
v 26.32580500 -15.66338746 -36.88324631
v 26.32580500 -16.70030219 -36.23170960
v 26.32580500 -17.56623875 -35.36577304
v 26.32580500 -18.21777546 -34.32885831
v 26.32580500 -18.62224155 -33.17296064
v 26.32580500 -18.75935540 -31.95604156
v 26.32580500 -18.62224155 -30.73912248
v 26.32580500 -18.21777546 -29.58322481
v 26.32580500 -17.56623875 -28.54631007
v 26.32580500 -16.70030219 -27.68037352
v 26.32580500 -15.66338746 -27.02883681
v 26.32580500 -14.50748979 -26.62437072
v 25.29688500 -13.29057071 -27.51617687
v 25.29688500 -14.35309988 -27.64519126
v 25.29688500 -15.35387871 -28.02473661
v 25.29688500 -16.23474558 -28.63275512
v 25.29688500 -16.94450772 -29.43391095
v 25.29688500 -17.44191631 -30.38164384
v 25.29688500 -17.69806379 -31.42087501
v 25.29688500 -17.69806379 -32.49120811
v 25.29688500 -17.44191631 -33.53043928
v 25.29688500 -16.94450772 -34.47817217
v 25.29688500 -16.23474558 -35.27932800
v 25.29688500 -15.35387871 -35.88734650
v 25.29688500 -14.35309988 -36.26689185
v 25.29688500 -13.29057071 -36.39590625
v 25.29688500 -12.22804154 -36.26689185
v 25.29688500 -11.22726270 -35.88734650
v 25.29688500 -10.34639583 -35.27932800
v 25.29688500 -9.63663370 -34.47817217
v 25.29688500 -9.13922510 -33.53043928
v 25.29688500 -8.88307763 -32.49120811
v 25.29688500 -8.88307763 -31.42087501
v 25.29688500 -9.13922510 -30.38164384
v 25.29688500 -9.63663370 -29.43391095
v 25.29688500 -10.34639583 -28.63275512
v 25.29688500 -11.22726270 -28.02473661
v 25.29688500 -12.22804154 -27.64519126
v 25.81134500 -13.29057071 -37.28697711
v 25.43473414 -13.29057071 -36.91036625
v 25.81134500 -12.10432595 -26.75876369
v 25.43473414 -12.18812975 -27.12593213
v 25.43473414 -13.29057071 -27.00171687
v 25.81134500 -13.29057071 -26.62510601
v 25.81134500 -10.97756446 -27.15303459
v 25.43473414 -11.14096979 -27.49234925
v 25.81134500 -9.96678676 -27.78814831
v 25.43473414 -10.20159979 -28.08259454
v 25.81134500 -9.12267746 -28.63225761
v 25.43473414 -9.41712369 -28.86707064
v 25.81134500 -8.48756374 -29.64303531
v 25.43473414 -8.82687840 -29.80644064
v 25.81134500 -8.09329284 -30.76979680
v 25.43473414 -8.46046128 -30.85360060
v 25.81134500 -7.95963516 -31.95604156
v 25.43473414 -8.33624602 -31.95604156
v 25.81134500 -8.09329284 -33.14228632
v 25.43473414 -8.46046128 -33.05848252
v 25.81134500 -8.48756374 -34.26904781
v 25.43473414 -8.82687840 -34.10564248
v 25.81134500 -9.12267746 -35.27982551
v 25.43473414 -9.41712369 -35.04501248
v 25.81134500 -9.96678676 -36.12393480
v 25.43473414 -10.20159979 -35.82948858
v 25.81134500 -10.97756446 -36.75904853
v 25.43473414 -11.14096979 -36.41973387
v 25.81134500 -12.10432595 -37.15331943
v 25.43473414 -12.18812975 -36.78615099
v 25.81134500 -14.47681547 -37.15331943
v 25.43473414 -14.39301167 -36.78615099
v 25.81134500 -15.60357696 -36.75904853
v 25.43473414 -15.44017163 -36.41973387
v 25.81134500 -16.61435466 -36.12393480
v 25.43473414 -16.37954163 -35.82948858
v 25.81134500 -17.45846395 -35.27982551
v 25.43473414 -17.16401773 -35.04501248
v 25.81134500 -18.09357768 -34.26904781
v 25.43473414 -17.75426302 -34.10564248
v 25.81134500 -18.48784857 -33.14228632
v 25.43473414 -18.12068014 -33.05848252
v 25.81134500 -18.62150626 -31.95604156
v 25.43473414 -18.24489540 -31.95604156
v 25.81134500 -18.48784857 -30.76979680
v 25.43473414 -18.12068014 -30.85360060
v 25.81134500 -18.09357768 -29.64303531
v 25.43473414 -17.75426302 -29.80644064
v 25.81134500 -17.45846395 -28.63225761
v 25.43473414 -17.16401773 -28.86707064
v 25.81134500 -16.61435466 -27.78814831
v 25.43473414 -16.37954163 -28.08259454
v 25.81134500 -15.60357696 -27.15303459
v 25.43473414 -15.44017163 -27.49234925
v 25.81134500 -14.47681547 -26.75876369
v 25.43473414 -14.39301167 -27.12593213
v 29.41256500 -13.29057071 -26.48725687
v 29.41256500 -12.07365163 -26.62437072
v 29.41256500 -10.91775396 -27.02883681
v 29.41256500 -9.88083922 -27.68037352
v 29.41256500 -9.01490266 -28.54631007
v 29.41256500 -8.36336595 -29.58322481
v 29.41256500 -7.95889987 -30.73912248
v 29.41256500 -7.82178602 -31.95604156
v 29.41256500 -7.95889987 -33.17296064
v 29.41256500 -8.36336595 -34.32885831
v 29.41256500 -9.01490266 -35.36577304
v 29.41256500 -9.88083922 -36.23170960
v 29.41256500 -10.91775396 -36.88324631
v 29.41256500 -12.07365163 -37.28771240
v 29.41256500 -13.29057071 -37.42482625
v 29.41256500 -14.50748979 -37.28771240
v 29.41256500 -15.66338746 -36.88324631
v 29.41256500 -16.70030219 -36.23170960
v 29.41256500 -17.56623875 -35.36577304
v 29.41256500 -18.21777546 -34.32885831
v 29.41256500 -18.62224155 -33.17296064
v 29.41256500 -18.75935540 -31.95604156
v 29.41256500 -18.62224155 -30.73912248
v 29.41256500 -18.21777546 -29.58322481
v 29.41256500 -17.56623875 -28.54631007
v 29.41256500 -16.70030219 -27.68037352
v 29.41256500 -15.66338746 -27.02883681
v 29.41256500 -14.50748979 -26.62437072
v 25.29688500 -13.29057071 -34.05246606
v 25.29688500 -12.57355130 -33.92603619
v 25.29688500 -11.94301501 -33.56199590
v 25.29688500 -11.47501383 -33.00425381
v 25.29688500 -11.22599561 -32.32008185
v 25.29688500 -11.22599561 -31.59200126
v 25.29688500 -11.47501383 -30.90782931
v 25.29688500 -11.94301501 -30.35008722
v 25.29688500 -12.57355130 -29.98604693
v 25.29688500 -13.29057071 -29.85961706
v 25.29688500 -14.00759012 -29.98604693
v 25.29688500 -14.63812640 -30.35008722
v 25.29688500 -15.10612758 -30.90782931
v 25.29688500 -15.35514581 -31.59200126
v 25.29688500 -15.35514581 -32.32008185
v 25.29688500 -15.10612758 -33.00425381
v 25.29688500 -14.63812640 -33.56199590
v 25.29688500 -14.00759012 -33.92603619
v 3.68956500 -13.29057071 -26.48725687
v 3.68956500 -14.50748979 -26.62437072
v 3.68956500 -15.66338746 -27.02883681
v 3.68956500 -16.70030219 -27.68037352
v 3.68956500 -17.56623875 -28.54631007
v 3.68956500 -18.21777546 -29.58322481
v 3.68956500 -18.62224155 -30.73912248
v 3.68956500 -18.75935540 -31.95604156
v 3.68956500 -18.62224155 -33.17296064
v 3.68956500 -18.21777546 -34.32885831
v 3.68956500 -17.56623875 -35.36577304
v 3.68956500 -16.70030219 -36.23170960
v 3.68956500 -15.66338746 -36.88324631
v 3.68956500 -14.50748979 -37.28771240
v 3.68956500 -13.29057071 -37.42482625
v 3.68956500 -12.07365163 -37.28771240
v 3.68956500 -10.91775396 -36.88324631
v 3.68956500 -9.88083922 -36.23170960
v 3.68956500 -9.01490266 -35.36577304
v 3.68956500 -8.36336595 -34.32885831
v 3.68956500 -7.95889987 -33.17296064
v 3.68956500 -7.82178602 -31.95604156
v 3.68956500 -7.95889987 -30.73912248
v 3.68956500 -8.36336595 -29.58322481
v 3.68956500 -9.01490266 -28.54631007
v 3.68956500 -9.88083922 -27.68037352
v 3.68956500 -10.91775396 -27.02883681
v 3.68956500 -12.07365163 -26.62437072
v 4.71848500 -13.29057071 -27.51617687
v 4.71848500 -12.22804154 -27.64519126
v 4.71848500 -11.22726270 -28.02473661
v 4.71848500 -10.34639583 -28.63275512
v 4.71848500 -9.63663370 -29.43391095
v 4.71848500 -9.13922510 -30.38164384
v 4.71848500 -8.88307763 -31.42087501
v 4.71848500 -8.88307763 -32.49120811
v 4.71848500 -9.13922510 -33.53043928
v 4.71848500 -9.63663370 -34.47817217
v 4.71848500 -10.34639583 -35.27932800
v 4.71848500 -11.22726270 -35.88734650
v 4.71848500 -12.22804154 -36.26689185
v 4.71848500 -13.29057071 -36.39590625
v 4.71848500 -14.35309988 -36.26689185
v 4.71848500 -15.35387871 -35.88734650
v 4.71848500 -16.23474558 -35.27932800
v 4.71848500 -16.94450772 -34.47817217
v 4.71848500 -17.44191631 -33.53043928
v 4.71848500 -17.69806379 -32.49120811
v 4.71848500 -17.69806379 -31.42087501
v 4.71848500 -17.44191631 -30.38164384
v 4.71848500 -16.94450772 -29.43391095
v 4.71848500 -16.23474558 -28.63275512
v 4.71848500 -15.35387871 -28.02473661
v 4.71848500 -14.35309988 -27.64519126
v 4.20402500 -13.29057071 -26.62510601
v 4.58063586 -13.29057071 -27.00171687
v 4.20402500 -14.47681547 -26.75876369
v 4.58063586 -14.39301167 -27.12593213
v 4.20402500 -15.60357696 -27.15303459
v 4.58063586 -15.44017163 -27.49234925
v 4.20402500 -16.61435466 -27.78814831
v 4.58063586 -16.37954163 -28.08259454
v 4.20402500 -17.45846395 -28.63225761
v 4.58063586 -17.16401773 -28.86707064
v 4.20402500 -18.09357768 -29.64303531
v 4.58063586 -17.75426302 -29.80644064
v 4.20402500 -18.48784857 -30.76979680
v 4.58063586 -18.12068014 -30.85360060
v 4.20402500 -18.62150626 -31.95604156
v 4.58063586 -18.24489540 -31.95604156
v 4.20402500 -18.48784857 -33.14228632
v 4.58063586 -18.12068014 -33.05848252
v 4.20402500 -18.09357768 -34.26904781
v 4.58063586 -17.75426302 -34.10564248
v 4.20402500 -17.45846395 -35.27982551
v 4.58063586 -17.16401773 -35.04501248
v 4.20402500 -16.61435466 -36.12393480
v 4.58063586 -16.37954163 -35.82948858
v 4.20402500 -15.60357696 -36.75904853
v 4.58063586 -15.44017163 -36.41973387
v 4.20402500 -14.47681547 -37.15331943
v 4.58063586 -14.39301167 -36.78615099
v 4.20402500 -13.29057071 -37.28697711
v 4.58063586 -13.29057071 -36.91036625
v 4.20402500 -12.10432595 -37.15331943
v 4.58063586 -12.18812975 -36.78615099
v 4.20402500 -10.97756446 -36.75904853
v 4.58063586 -11.14096979 -36.41973387
v 4.20402500 -9.96678676 -36.12393480
v 4.58063586 -10.20159979 -35.82948858
v 4.20402500 -9.12267746 -35.27982551
v 4.58063586 -9.41712369 -35.04501248
v 4.20402500 -8.48756374 -34.26904781
v 4.58063586 -8.82687840 -34.10564248
v 4.20402500 -8.09329284 -33.14228632
v 4.58063586 -8.46046128 -33.05848252
v 4.20402500 -7.95963516 -31.95604156
v 4.58063586 -8.33624602 -31.95604156
v 4.20402500 -8.09329284 -30.76979680
v 4.58063586 -8.46046128 -30.85360060
v 4.20402500 -8.48756374 -29.64303531
v 4.58063586 -8.82687840 -29.80644064
v 4.20402500 -9.12267746 -28.63225761
v 4.58063586 -9.41712369 -28.86707064
v 4.20402500 -9.96678676 -27.78814831
v 4.58063586 -10.20159979 -28.08259454
v 4.20402500 -10.97756446 -27.15303459
v 4.58063586 -11.14096979 -27.49234925
v 4.20402500 -12.10432595 -26.75876369
v 4.58063586 -12.18812975 -27.12593213
v 0.60280500 -13.29057071 -26.48725687
v 0.60280500 -14.50748979 -26.62437072
v 0.60280500 -15.66338746 -27.02883681
v 0.60280500 -16.70030219 -27.68037352
v 0.60280500 -17.56623875 -28.54631007
v 0.60280500 -18.21777546 -29.58322481
v 0.60280500 -18.62224155 -30.73912248
v 0.60280500 -18.75935540 -31.95604156
v 0.60280500 -18.62224155 -33.17296064
v 0.60280500 -18.21777546 -34.32885831
v 0.60280500 -17.56623875 -35.36577304
v 0.60280500 -16.70030219 -36.23170960
v 0.60280500 -15.66338746 -36.88324631
v 0.60280500 -14.50748979 -37.28771240
v 0.60280500 -13.29057071 -37.42482625
v 0.60280500 -12.07365163 -37.28771240
v 0.60280500 -10.91775396 -36.88324631
v 0.60280500 -9.88083922 -36.23170960
v 0.60280500 -9.01490266 -35.36577304
v 0.60280500 -8.36336595 -34.32885831
v 0.60280500 -7.95889987 -33.17296064
v 0.60280500 -7.82178602 -31.95604156
v 0.60280500 -7.95889987 -30.73912248
v 0.60280500 -8.36336595 -29.58322481
v 0.60280500 -9.01490266 -28.54631007
v 0.60280500 -9.88083922 -27.68037352
v 0.60280500 -10.91775396 -27.02883681
v 0.60280500 -12.07365163 -26.62437072
v 4.71848500 -13.29057071 -34.05246606
v 4.71848500 -14.00759012 -33.92603619
v 4.71848500 -14.63812640 -33.56199590
v 4.71848500 -15.10612758 -33.00425381
v 4.71848500 -15.35514581 -32.32008185
v 4.71848500 -15.35514581 -31.59200126
v 4.71848500 -15.10612758 -30.90782931
v 4.71848500 -14.63812640 -30.35008722
v 4.71848500 -14.00759012 -29.98604693
v 4.71848500 -13.29057071 -29.85961706
v 4.71848500 -12.57355130 -29.98604693
v 4.71848500 -11.94301501 -30.35008722
v 4.71848500 -11.47501383 -30.90782931
v 4.71848500 -11.22599561 -31.59200126
v 4.71848500 -11.22599561 -32.32008185
v 4.71848500 -11.47501383 -33.00425381
v 4.71848500 -11.94301501 -33.56199590
v 4.71848500 -12.57355130 -33.92603619
v 0.08834500 -13.29057071 -37.28697711
v -0.28826586 -13.29057071 -36.91036625
v 0.08834500 -12.10432595 -26.75876369
v -0.28826586 -12.18812975 -27.12593213
v -0.28826586 -13.29057071 -27.00171687
v 0.08834500 -13.29057071 -26.62510601
v 0.08834500 -10.97756446 -27.15303459
v -0.28826586 -11.14096979 -27.49234925
v 0.08834500 -9.96678676 -27.78814831
v -0.28826586 -10.20159979 -28.08259454
v 0.08834500 -9.12267746 -28.63225761
v -0.28826586 -9.41712369 -28.86707064
v 0.08834500 -8.48756374 -29.64303531
v -0.28826586 -8.82687840 -29.80644064
v 0.08834500 -8.09329284 -30.76979680
v -0.28826586 -8.46046128 -30.85360060
v 0.08834500 -7.95963516 -31.95604156
v -0.28826586 -8.33624602 -31.95604156
v 0.08834500 -8.09329284 -33.14228632
v -0.28826586 -8.46046128 -33.05848252
v 0.08834500 -8.48756374 -34.26904781
v -0.28826586 -8.82687840 -34.10564248
v 0.08834500 -9.12267746 -35.27982551
v -0.28826586 -9.41712369 -35.04501248
v 0.08834500 -9.96678676 -36.12393480
v -0.28826586 -10.20159979 -35.82948858
v 0.08834500 -10.97756446 -36.75904853
v -0.28826586 -11.14096979 -36.41973387
v 0.08834500 -12.10432595 -37.15331943
v -0.28826586 -12.18812975 -36.78615099
v 0.08834500 -14.47681547 -37.15331943
v -0.28826586 -14.39301167 -36.78615099
v 0.08834500 -15.60357696 -36.75904853
v -0.28826586 -15.44017163 -36.41973387
v 0.08834500 -16.61435466 -36.12393480
v -0.28826586 -16.37954163 -35.82948858
v 0.08834500 -17.45846395 -35.27982551
v -0.28826586 -17.16401773 -35.04501248
v 0.08834500 -18.09357768 -34.26904781
v -0.28826586 -17.75426302 -34.10564248
v 0.08834500 -18.48784857 -33.14228632
v -0.28826586 -18.12068014 -33.05848252
v 0.08834500 -18.62150626 -31.95604156
v -0.28826586 -18.24489540 -31.95604156
v 0.08834500 -18.48784857 -30.76979680
v -0.28826586 -18.12068014 -30.85360060
v 0.08834500 -18.09357768 -29.64303531
v -0.28826586 -17.75426302 -29.80644064
v 0.08834500 -17.45846395 -28.63225761
v -0.28826586 -17.16401773 -28.86707064
v 0.08834500 -16.61435466 -27.78814831
v -0.28826586 -16.37954163 -28.08259454
v 0.08834500 -15.60357696 -27.15303459
v -0.28826586 -15.44017163 -27.49234925
v 0.08834500 -14.47681547 -26.75876369
v -0.28826586 -14.39301167 -27.12593213
v 29.92702500 -13.29057071 -26.62510601
v 30.30363586 -13.29057071 -27.00171687
v 29.92702500 -14.47681547 -26.75876369
v 30.30363586 -14.39301167 -27.12593213
v 29.92702500 -15.60357696 -27.15303459
v 30.30363586 -15.44017163 -27.49234925
v 29.92702500 -16.61435466 -27.78814831
v 30.30363586 -16.37954163 -28.08259454
v 29.92702500 -17.45846395 -28.63225761
v 30.30363586 -17.16401773 -28.86707064
v 29.92702500 -18.09357768 -29.64303531
v 30.30363586 -17.75426302 -29.80644064
v 29.92702500 -18.48784857 -30.76979680
v 30.30363586 -18.12068014 -30.85360060
v 29.92702500 -18.62150626 -31.95604156
v 30.30363586 -18.24489540 -31.95604156
v 29.92702500 -18.48784857 -33.14228632
v 30.30363586 -18.12068014 -33.05848252
v 29.92702500 -18.09357768 -34.26904781
v 30.30363586 -17.75426302 -34.10564248
v 29.92702500 -17.45846395 -35.27982551
v 30.30363586 -17.16401773 -35.04501248
v 29.92702500 -16.61435466 -36.12393480
v 30.30363586 -16.37954163 -35.82948858
v 29.92702500 -15.60357696 -36.75904853
v 30.30363586 -15.44017163 -36.41973387
v 29.92702500 -14.47681547 -37.15331943
v 30.30363586 -14.39301167 -36.78615099
v 29.92702500 -13.29057071 -37.28697711
v 30.30363586 -13.29057071 -36.91036625
v 29.92702500 -12.10432595 -37.15331943
v 30.30363586 -12.18812975 -36.78615099
v 29.92702500 -10.97756446 -36.75904853
v 30.30363586 -11.14096979 -36.41973387
v 29.92702500 -9.96678676 -36.12393480
v 30.30363586 -10.20159979 -35.82948858
v 29.92702500 -9.12267746 -35.27982551
v 30.30363586 -9.41712369 -35.04501248
v 29.92702500 -8.48756374 -34.26904781
v 30.30363586 -8.82687840 -34.10564248
v 29.92702500 -8.09329284 -33.14228632
v 30.30363586 -8.46046128 -33.05848252
v 29.92702500 -7.95963516 -31.95604156
v 30.30363586 -8.33624602 -31.95604156
v 29.92702500 -8.09329284 -30.76979680
v 30.30363586 -8.46046128 -30.85360060
v 29.92702500 -8.48756374 -29.64303531
v 30.30363586 -8.82687840 -29.80644064
v 29.92702500 -9.12267746 -28.63225761
v 30.30363586 -9.41712369 -28.86707064
v 29.92702500 -9.96678676 -27.78814831
v 30.30363586 -10.20159979 -28.08259454
v 29.92702500 -10.97756446 -27.15303459
v 30.30363586 -11.14096979 -27.49234925
v 29.92702500 -12.10432595 -26.75876369
v 30.30363586 -12.18812975 -27.12593213
v -0.42611500 -16.96240218 17.96184067
v -0.42611500 -16.83405558 17.83889115
v -0.42611500 -16.57453448 17.61687139
v -0.42611500 -16.19091698 17.30274432
v -0.42611500 -15.71663862 16.92586299
v -0.42611500 -14.72652249 16.18158034
v -0.42611500 -14.30092850 15.89043385
v -0.42611500 -13.94231469 15.66978468
v -0.47756100 -13.94231469 15.66978468
v -0.47756100 -14.30092850 15.89043385
v -0.47756100 -14.72652249 16.18158034
v -0.47756100 -15.71663862 16.92586299
v -0.47756100 -16.19091698 17.30274432
v -0.47756100 -16.57453448 17.61687139
v -0.47756100 -16.83405558 17.83889115
v -0.47756100 -16.96240218 17.96184067
v -0.42611500 -17.05998382 17.81750371
v -0.42611500 -17.02807961 17.86603527
v -0.42611500 -16.99555058 17.91415027
v -0.47756100 -16.99555058 17.91415027
v -0.47756100 -17.02807961 17.86603527
v -0.47756100 -17.05998382 17.81750371
v -0.42611500 -13.99757682 15.48489897
v -0.42611500 -14.96676892 16.13400763
v -0.42611500 -15.77428822 16.73254302
v -0.42611500 -16.45453421 17.28894107
v -0.47756100 -16.45453421 17.28894107
v -0.47756100 -15.77428822 16.73254302
v -0.47756100 -14.96676892 16.13400763
v -0.47756100 -13.99757682 15.48489897
v -0.47756100 -13.96627436 15.60990284
v -0.47756100 -13.98474509 15.54810694
v -0.42611500 -16.49821931 18.51892689
v -0.42611500 -15.95044885 18.99406721
v -0.42611500 -15.33336506 19.37488001
v -0.42611500 -15.07331164 18.61440653
v -0.42611500 -14.76240035 17.79242868
v -0.42611500 -14.36233582 16.87032218
v -0.42611500 -13.84754517 15.82358154
v -0.42611500 -13.88342804 15.77504535
v -0.42611500 -13.91509297 15.72365786
v -0.42611500 -14.00438420 15.42492396
v -0.42611500 -14.00611310 15.36458862
v -0.42611500 -14.00275120 15.30432222
v -0.42611500 -14.42364445 15.31610310
v -0.42611500 -14.93779291 15.35544637
v -0.42611500 -16.16739996 15.50495598
v -0.42611500 -16.76657773 15.59420560
v -0.42611500 -17.25586377 15.67443888
v -0.42611500 -17.59162551 15.73695308
v -0.42611500 -17.76425168 15.77925719
v -0.42611500 -17.64080064 16.49379944
v -0.42611500 -17.40398767 17.17916825
v -0.42611500 -13.69555051 10.90059641
v -0.42611500 -13.65324640 11.07322258
v -0.42611500 -13.59073220 11.40898432
v -0.42611500 -13.51049892 11.89827036
v -0.42611500 -13.42124930 12.49744813
v -0.42611500 -13.27173969 13.72705518
v -0.42611500 -13.23239642 14.24120364
v -0.42611500 -13.22061554 14.66209689
v -0.47756100 -13.22061554 14.66209689
v -0.47756100 -13.23239642 14.24120364
v -0.47756100 -13.27173969 13.72705518
v -0.47756100 -13.42124930 12.49744813
v -0.47756100 -13.51049892 11.89827036
v -0.47756100 -13.59073220 11.40898432
v -0.47756100 -13.65324640 11.07322258
v -0.47756100 -13.69555051 10.90059641
v -0.42611500 -13.52176021 10.88825670
v -0.42611500 -13.57974188 10.89162079
v -0.42611500 -13.63767521 10.89573425
v -0.47756100 -13.63767521 10.89573425
v -0.47756100 -13.57974188 10.89162079
v -0.47756100 -13.52176021 10.88825670
v -0.42611500 -13.03286875 14.70668134
v -0.42611500 -13.11041729 13.54278203
v -0.42611500 -13.22500450 12.54418210
v -0.42611500 -13.36673635 11.67687277
v -0.47756100 -13.36673635 11.67687277
v -0.47756100 -13.22500450 12.54418210
v -0.47756100 -13.11041729 13.54278203
v -0.47756100 -13.03286875 14.70668134
v -0.47756100 -13.15677651 14.67128813
v -0.47756100 -13.09402433 14.68618996
v -0.42611500 -14.41009277 11.02404745
v -0.42611500 -15.09546158 11.26086043
v -0.42611500 -15.73379703 11.60486427
v -0.42611500 -15.20523440 12.21031388
v -0.42611500 -14.64883634 12.89055987
v -0.42611500 -14.05030095 13.69807917
v -0.42611500 -13.40119229 14.66727127
v -0.42611500 -13.34121728 14.66046389
v -0.42611500 -13.28088195 14.65873500
v -0.42611500 -12.97752518 14.73077348
v -0.42611500 -12.92440880 14.75944388
v -0.42611500 -12.87389751 14.79248857
v -0.42611500 -12.67365343 14.42209388
v -0.42611500 -12.45065147 13.95715662
v -0.42611500 -11.96532707 12.81753087
v -0.42611500 -11.74303062 12.25400289
v -0.42611500 -11.56787166 11.79015211
v -0.42611500 -11.45412967 11.46811682
v -0.42611500 -11.40445302 11.29746611
v -0.42611500 -12.08499028 11.04710672
v -0.42611500 -12.79694357 10.90950837
v -0.42611500 -9.21375943 17.26039507
v -0.42611500 -9.38441014 17.21071842
v -0.42611500 -9.70644544 17.09697643
v -0.42611500 -10.17029622 16.92181747
v -0.42611500 -10.73382420 16.69952103
v -0.42611500 -11.87344995 16.21419662
v -0.42611500 -12.33838720 15.99119466
v -0.42611500 -12.70878189 15.79095058
v -0.47756100 -12.70878189 15.79095058
v -0.47756100 -12.33838720 15.99119466
v -0.47756100 -11.87344995 16.21419662
v -0.47756100 -10.73382420 16.69952103
v -0.47756100 -10.17029622 16.92181747
v -0.47756100 -9.70644544 17.09697643
v -0.47756100 -9.38441014 17.21071842
v -0.47756100 -9.21375943 17.26039507
v -0.42611500 -9.28996808 17.41707174
v -0.42611500 -9.26389063 17.36517610
v -0.42611500 -9.23848633 17.31294763
v -0.47756100 -9.23848633 17.31294763
v -0.47756100 -9.26389063 17.36517610
v -0.47756100 -9.28996808 17.41707174
v -0.42611500 -12.84126655 15.93125185
v -0.42611500 -11.79452591 16.44604250
v -0.42611500 -10.87241941 16.84610703
v -0.42611500 -10.05044156 17.15701831
v -0.47756100 -10.05044156 17.15701831
v -0.47756100 -10.87241941 16.84610703
v -0.47756100 -11.79452591 16.44604250
v -0.47756100 -12.84126655 15.93125185
v -0.47756100 -12.74866125 15.84164119
v -0.47756100 -12.79294271 15.88853525
v -0.42611500 -8.96340004 16.57985781
v -0.42611500 -8.82580169 15.86790452
v -0.42611500 -8.80455003 15.14308788
v -0.42611500 -9.59316609 15.29811174
v -0.42611500 -10.46047543 15.43984360
v -0.42611500 -11.45907535 15.55443080
v -0.42611500 -12.62297466 15.63197934
v -0.42611500 -12.64706680 15.68732291
v -0.42611500 -12.67573720 15.74043929
v -0.42611500 -12.88980274 15.96713472
v -0.42611500 -12.94119023 15.99879965
v -0.42611500 -12.99506341 16.02602137
v -0.42611500 -12.68201909 16.52379207
v -0.42611500 -12.24482554 17.13814210
v -0.42611500 -11.71274260 17.83991954
v -0.42611500 -11.20512673 18.46790495
v -0.42611500 -10.87545985 18.86143861
v -0.42611500 -10.70300742 19.04610886
v -0.42611500 -10.14592120 18.58192599
v -0.42611500 -9.67078088 18.03415553
v -0.42611500 -15.17668840 19.45108866
v -0.42611500 -15.12701175 19.28043795
v -0.42611500 -15.01326976 18.95840265
v -0.42611500 -14.83811080 18.49455187
v -0.42611500 -14.61581435 17.93102389
v -0.42611500 -14.13048995 16.79139815
v -0.42611500 -13.90748799 16.32646089
v -0.42611500 -13.70724391 15.95606620
v -0.47756100 -13.70724391 15.95606620
v -0.47756100 -13.90748799 16.32646089
v -0.47756100 -14.13048995 16.79139815
v -0.47756100 -14.61581435 17.93102389
v -0.47756100 -14.83811080 18.49455187
v -0.47756100 -15.01326976 18.95840265
v -0.47756100 -15.12701175 19.28043795
v -0.47756100 -15.17668840 19.45108866
v -0.42611500 -15.28146942 19.40095746
v -0.42611500 -15.22924096 19.42636176
v -0.47756100 -15.22924096 19.42636176
v -0.47756100 -15.28146942 19.40095746
v -0.47756100 -15.33336506 19.37488001
v -0.47756100 -15.07331164 18.61440653
v -0.47756100 -14.76240035 17.79242868
v -0.47756100 -14.36233582 16.87032218
v -0.47756100 -13.84754517 15.82358154
v -0.47756100 -13.75793451 15.91618684
v -0.47756100 -13.80482858 15.87190538
v -0.42611500 -14.49615113 19.70144805
v -0.42611500 -13.78419784 19.83904640
v -0.42611500 -13.05938120 19.86029806
v -0.42611500 -13.21440507 19.07168200
v -0.42611500 -13.35613692 18.20437266
v -0.42611500 -13.47072412 17.20577274
v -0.42611500 -13.54827266 16.04187343
v -0.42611500 -13.60361623 16.01778129
v -0.42611500 -13.65673261 15.98911089
v -0.42611500 -8.81688973 14.96929758
v -0.42611500 -8.98951591 15.01160169
v -0.42611500 -9.32527765 15.07411589
v -0.42611500 -9.81456369 15.15434917
v -0.42611500 -10.41374146 15.24359879
v -0.42611500 -11.64334851 15.39310840
v -0.42611500 -12.15749696 15.43245167
v -0.42611500 -12.57839021 15.44423255
v -0.47756100 -12.57839021 15.44423255
v -0.47756100 -12.15749696 15.43245167
v -0.47756100 -11.64334851 15.39310840
v -0.47756100 -10.41374146 15.24359879
v -0.47756100 -9.81456369 15.15434917
v -0.47756100 -9.32527765 15.07411589
v -0.47756100 -8.98951591 15.01160169
v -0.47756100 -8.81688973 14.96929758
v -0.42611500 -8.80791411 15.08510621
v -0.42611500 -8.81202758 15.02717288
v -0.47756100 -8.81202758 15.02717288
v -0.47756100 -8.80791411 15.08510621
v -0.47756100 -8.80455003 15.14308788
v -0.47756100 -9.59316609 15.29811174
v -0.47756100 -10.46047543 15.43984360
v -0.47756100 -11.45907535 15.55443080
v -0.47756100 -12.62297466 15.63197934
v -0.47756100 -12.58758145 15.50807158
v -0.47756100 -12.60248328 15.57082376
v -0.42611500 -8.94034077 14.25475532
v -0.42611500 -9.17715375 13.56938651
v -0.42611500 -9.52115759 12.93105106
v -0.42611500 -10.12660720 13.45961369
v -0.42611500 -10.80685319 14.01601175
v -0.42611500 -11.61437249 14.61454714
v -0.42611500 -12.58356459 15.26365580
v -0.42611500 -12.57675721 15.32363081
v -0.42611500 -12.57502832 15.38396614
v -0.42611500 -15.87813399 11.70244591
v -0.42611500 -15.75518447 11.83079251
v -0.42611500 -15.53316472 12.09031361
v -0.42611500 -15.21903764 12.47393111
v -0.42611500 -14.84215632 12.94820947
v -0.42611500 -14.09787367 13.93832560
v -0.42611500 -13.80672717 14.36391960
v -0.42611500 -13.58607800 14.72253340
v -0.47756100 -13.58607800 14.72253340
v -0.47756100 -13.80672717 14.36391960
v -0.47756100 -14.09787367 13.93832560
v -0.47756100 -14.84215632 12.94820947
v -0.47756100 -15.21903764 12.47393111
v -0.47756100 -15.53316472 12.09031361
v -0.47756100 -15.75518447 11.83079251
v -0.47756100 -15.87813399 11.70244591
v -0.42611500 -15.78232859 11.63676848
v -0.42611500 -15.83044359 11.66929751
v -0.47756100 -15.83044359 11.66929751
v -0.47756100 -15.78232859 11.63676848
v -0.47756100 -15.73379703 11.60486427
v -0.47756100 -15.20523440 12.21031388
v -0.47756100 -14.64883634 12.89055987
v -0.47756100 -14.05030095 13.69807917
v -0.47756100 -13.40119229 14.66727127
v -0.47756100 -13.52619616 14.69857373
v -0.47756100 -13.46440026 14.68010301
v -0.42611500 -16.43522022 12.16662878
v -0.42611500 -16.91036053 12.71439924
v -0.42611500 -17.29117333 13.33148303
v -0.42611500 -16.53069986 13.59153646
v -0.42611500 -15.70872201 13.90244774
v -0.42611500 -14.78661551 14.30251227
v -0.42611500 -13.73987487 14.81730292
v -0.42611500 -13.69133868 14.78142005
v -0.42611500 -13.63995119 14.74975512
v -0.47756100 -14.00275120 15.30432222
v -0.47756100 -14.42364445 15.31610310
v -0.47756100 -14.93779291 15.35544637
v -0.47756100 -16.16739996 15.50495598
v -0.47756100 -16.76657773 15.59420560
v -0.47756100 -17.25586377 15.67443888
v -0.47756100 -17.59162551 15.73695308
v -0.47756100 -17.76425168 15.77925719
v -0.42611500 -17.77659139 15.60546689
v -0.42611500 -17.77322730 15.66344856
v -0.42611500 -17.76911384 15.72138189
v -0.47756100 -17.76911384 15.72138189
v -0.47756100 -17.77322730 15.66344856
v -0.47756100 -17.77659139 15.60546689
v -0.42611500 -13.95816676 15.11657543
v -0.42611500 -15.12206607 15.19412397
v -0.42611500 -16.12066599 15.30871117
v -0.42611500 -16.98797532 15.45044303
v -0.47756100 -16.98797532 15.45044303
v -0.47756100 -16.12066599 15.30871117
v -0.47756100 -15.12206607 15.19412397
v -0.47756100 -13.95816676 15.11657543
v -0.47756100 -13.99355996 15.24048318
v -0.47756100 -13.97865813 15.17773100
v -0.42611500 -13.93407462 15.06123186
v -0.42611500 -13.90540421 15.00811548
v -0.42611500 -13.87235952 14.95760418
v -0.42611500 -14.24275421 14.75736010
v -0.42611500 -14.70769147 14.53435814
v -0.42611500 -15.84731722 14.04903374
v -0.42611500 -16.41084520 13.82673729
v -0.42611500 -16.87469598 13.65157833
v -0.42611500 -17.19673127 13.53783635
v -0.42611500 -17.36738198 13.48815969
v -0.42611500 -17.61774137 14.16869696
v -0.42611500 -17.75533972 14.88065025
v -0.47756100 -12.87389751 14.79248857
v -0.47756100 -12.67365343 14.42209388
v -0.47756100 -12.45065147 13.95715662
v -0.47756100 -11.96532707 12.81753087
v -0.47756100 -11.74303062 12.25400289
v -0.47756100 -11.56787166 11.79015211
v -0.47756100 -11.45412967 11.46811682
v -0.47756100 -11.40445302 11.29746611
v -0.42611500 -11.24777635 11.37367476
v -0.42611500 -11.29967199 11.34759731
v -0.42611500 -11.35190046 11.32219301
v -0.47756100 -11.35190046 11.32219301
v -0.47756100 -11.29967199 11.34759731
v -0.47756100 -11.24777635 11.37367476
v -0.42611500 -12.73359624 14.92497322
v -0.42611500 -12.21880559 13.87823258
v -0.42611500 -11.81874106 12.95612608
v -0.42611500 -11.50782978 12.13414824
v -0.47756100 -11.50782978 12.13414824
v -0.47756100 -11.81874106 12.95612608
v -0.47756100 -12.21880559 13.87823258
v -0.47756100 -12.73359624 14.92497322
v -0.47756100 -12.82320690 14.83236793
v -0.47756100 -12.77631284 14.87664938
v -0.42611500 -12.69771338 14.97350941
v -0.42611500 -12.66604844 15.02489690
v -0.42611500 -12.63882672 15.07877009
v -0.42611500 -12.28021292 14.85812092
v -0.42611500 -11.85461893 14.56697442
v -0.42611500 -10.86450279 13.82269178
v -0.42611500 -10.39022443 13.44581045
v -0.42611500 -10.00660693 13.13168338
v -0.42611500 -9.74708583 12.90966362
v -0.42611500 -9.61873923 12.78671410
v -0.42611500 -10.08292210 12.22962787
v -0.42611500 -10.63069256 11.75448756
v -0.47756100 -12.99506341 16.02602137
v -0.47756100 -12.68201909 16.52379207
v -0.47756100 -12.24482554 17.13814210
v -0.47756100 -11.71274260 17.83991954
v -0.47756100 -11.20512673 18.46790495
v -0.47756100 -10.87545985 18.86143861
v -0.47756100 -10.70300742 19.04610886
v -0.42611500 -10.84734438 19.14369050
v -0.42611500 -10.79881283 19.11178628
v -0.42611500 -10.75069782 19.07925726
v -0.47756100 -10.75069782 19.07925726
v -0.47756100 -10.79881283 19.11178628
v -0.47756100 -10.84734438 19.14369050
v -0.42611500 -11.54145030 18.34136140
v -0.42611500 -11.18923436 18.75584359
v -0.47756100 -11.18923436 18.75584359
v -0.47756100 -11.54145030 18.34136140
v -0.42611500 -12.30427213 17.36663893
v -0.42611500 -11.93196750 17.85729408
v -0.47756100 -11.93196750 17.85729408
v -0.47756100 -12.30427213 17.36663893
v -0.42611500 -13.17994912 16.08128350
v -0.42611500 -12.73028488 16.76205693
v -0.47756100 -12.73028488 16.76205693
v -0.47756100 -13.17994912 16.08128350
v -0.47756100 -13.05494525 16.04998104
v -0.47756100 -13.11674115 16.06845176
v -0.42611500 -13.23992413 16.08809088
v -0.42611500 -13.30025947 16.08981977
v -0.42611500 -13.36052588 16.08645788
v -0.42611500 -13.34874499 16.50735113
v -0.42611500 -13.30940173 17.02149958
v -0.42611500 -13.15989211 18.25110663
v -0.42611500 -13.07064249 18.85028440
v -0.42611500 -12.99040921 19.33957044
v -0.42611500 -12.92789502 19.67533218
v -0.42611500 -12.88559090 19.84795836
v -0.42611500 -12.17104865 19.72450732
v -0.42611500 -11.48567984 19.48769434
v -0.47756100 -13.36052588 16.08645788
v -0.47756100 -13.34874499 16.50735113
v -0.47756100 -13.30940173 17.02149958
v -0.47756100 -13.15989211 18.25110663
v -0.47756100 -13.07064249 18.85028440
v -0.47756100 -12.99040921 19.33957044
v -0.47756100 -12.92789502 19.67533218
v -0.47756100 -12.88559090 19.84795836
v -0.42611500 -13.00139953 19.85693398
v -0.42611500 -12.94346621 19.85282052
v -0.47756100 -12.94346621 19.85282052
v -0.47756100 -13.00139953 19.85693398
v -0.47756100 -13.05938120 19.86029806
v -0.47756100 -13.21440507 19.07168200
v -0.47756100 -13.35613692 18.20437266
v -0.47756100 -13.47072412 17.20577274
v -0.47756100 -13.54827266 16.04187343
v -0.47756100 -13.42436491 16.07726664
v -0.47756100 -13.48711709 16.06236481
v -0.47756100 -12.63882672 15.07877009
v -0.47756100 -12.28021292 14.85812092
v -0.47756100 -11.85461893 14.56697442
v -0.47756100 -10.86450279 13.82269178
v -0.47756100 -10.39022443 13.44581045
v -0.47756100 -10.00660693 13.13168338
v -0.47756100 -9.74708583 12.90966362
v -0.47756100 -9.61873923 12.78671410
v -0.42611500 -9.55306181 12.88251950
v -0.42611500 -9.58559083 12.83440450
v -0.47756100 -9.58559083 12.83440450
v -0.47756100 -9.55306181 12.88251950
v -0.47756100 -9.52115759 12.93105106
v -0.47756100 -10.12660720 13.45961369
v -0.47756100 -10.80685319 14.01601175
v -0.47756100 -11.61437249 14.61454714
v -0.47756100 -12.58356459 15.26365580
v -0.47756100 -12.61486705 15.13865193
v -0.47756100 -12.59639633 15.20044783
v -0.47756100 -13.87235952 14.95760418
v -0.47756100 -14.24275421 14.75736010
v -0.47756100 -14.70769147 14.53435814
v -0.47756100 -15.84731722 14.04903374
v -0.47756100 -16.41084520 13.82673729
v -0.47756100 -16.87469598 13.65157833
v -0.47756100 -17.19673127 13.53783635
v -0.47756100 -17.36738198 13.48815969
v -0.42611500 -17.31725078 13.38337867
v -0.42611500 -17.34265508 13.43560713
v -0.47756100 -17.34265508 13.43560713
v -0.47756100 -17.31725078 13.38337867
v -0.47756100 -17.29117333 13.33148303
v -0.47756100 -16.53069986 13.59153646
v -0.47756100 -15.70872201 13.90244774
v -0.47756100 -14.78661551 14.30251227
v -0.47756100 -13.73987487 14.81730292
v -0.47756100 -13.83248016 14.90691358
v -0.47756100 -13.78819871 14.86001951
v -0.29750000 -13.29057071 14.65866940
v -0.29750000 -12.93276672 14.75454269
v -0.29750000 -12.67083602 15.01647339
v -0.29750000 -12.57496273 15.37427738
v -0.29750000 -12.67083602 15.73208137
v -0.29750000 -12.93276672 15.99401207
v -0.29750000 -13.29057071 16.08988536
v -0.29750000 -13.64837470 15.99401207
v -0.29750000 -13.91030540 15.73208137
v -0.29750000 -14.00617869 15.37427738
v -0.29750000 -13.91030540 15.01647339
v -0.29750000 -13.64837470 14.75454269
v 30.44148500 -10.84734438 19.14369050
v 30.44148500 -12.09760763 17.64285723
v 30.44148500 -13.17994912 16.08128350
v 30.49293100 -13.17994912 16.08128350
v 30.49293100 -12.09760763 17.64285723
v 30.49293100 -10.84734438 19.14369050
v 30.44148500 -10.70300742 19.04610886
v 30.44148500 -10.75069782 19.07925726
v 30.44148500 -10.79881283 19.11178628
v 30.49293100 -10.79881283 19.11178628
v 30.49293100 -10.75069782 19.07925726
v 30.49293100 -10.70300742 19.04610886
v 30.44148500 -12.99506341 16.02602137
v 30.44148500 -12.39533174 16.92876651
v 30.44148500 -11.70055778 17.85540965
v 30.44148500 -11.35689113 18.28369757
v 30.44148500 -11.05717289 18.64454887
v 30.44148500 -10.83284939 18.90512337
v 30.49293100 -10.83284939 18.90512337
v 30.49293100 -11.05717289 18.64454887
v 30.49293100 -11.35689113 18.28369757
v 30.49293100 -11.70055778 17.85540965
v 30.49293100 -12.39533174 16.92876651
v 30.49293100 -12.99506341 16.02602137
v 30.49293100 -13.11674115 16.06845176
v 30.49293100 -13.05494525 16.04998104
v 30.44148500 -11.48567984 19.48769434
v 30.44148500 -12.17104865 19.72450732
v 30.44148500 -12.88559090 19.84795836
v 30.44148500 -12.92754461 19.66094036
v 30.44148500 -12.99152720 19.32311447
v 30.44148500 -13.07066517 18.86074897
v 30.44148500 -13.15414525 18.31800742
v 30.44148500 -13.29251559 17.16812394
v 30.44148500 -13.36052588 16.08645788
v 30.44148500 -13.30025947 16.08981977
v 30.44148500 -13.23992413 16.08809088
v 30.44148500 -12.94119023 15.99879965
v 30.44148500 -12.88980274 15.96713472
v 30.44148500 -12.84126655 15.93125185
v 30.44148500 -11.12314445 16.74244362
v 30.44148500 -9.28996808 17.41707174
v 30.44148500 -9.67078088 18.03415553
v 30.44148500 -10.14592120 18.58192599
v 30.44148500 -11.24777635 11.37367476
v 30.44148500 -11.92240447 13.20685112
v 30.44148500 -12.73359624 14.92497322
v 30.49293100 -12.73359624 14.92497322
v 30.49293100 -11.92240447 13.20685112
v 30.49293100 -11.24777635 11.37367476
v 30.44148500 -11.40445302 11.29746611
v 30.44148500 -11.35190046 11.32219301
v 30.44148500 -11.29967199 11.34759731
v 30.49293100 -11.29967199 11.34759731
v 30.49293100 -11.35190046 11.32219301
v 30.49293100 -11.40445302 11.29746611
v 30.44148500 -12.87389751 14.79248857
v 30.44148500 -12.39196312 13.82173314
v 30.44148500 -11.93685360 12.75671967
v 30.44148500 -11.73777870 12.24495165
v 30.44148500 -11.57513144 11.80496239
v 30.44148500 -11.46162905 11.48040530
v 30.49293100 -11.46162905 11.48040530
v 30.49293100 -11.57513144 11.80496239
v 30.49293100 -11.73777870 12.24495165
v 30.49293100 -11.93685360 12.75671967
v 30.49293100 -12.39196312 13.82173314
v 30.49293100 -12.87389751 14.79248857
v 30.49293100 -12.77631284 14.87664938
v 30.49293100 -12.82320690 14.83236793
v 30.44148500 -10.63069256 11.75448756
v 30.44148500 -10.08292210 12.22962787
v 30.44148500 -9.61873923 12.78671410
v 30.44148500 -9.75972472 12.91655607
v 30.44148500 -10.02029922 13.14087956
v 30.44148500 -10.38115052 13.44059781
v 30.44148500 -10.80943844 13.78426446
v 30.44148500 -11.73608158 14.47903842
v 30.44148500 -12.63882672 15.07877009
v 30.44148500 -12.66604844 15.02489690
v 30.44148500 -12.69771338 14.97350941
v 30.44148500 -12.92440880 14.75944388
v 30.44148500 -12.97752518 14.73077348
v 30.44148500 -13.03286875 14.70668134
v 30.44148500 -13.18941712 12.81314806
v 30.44148500 -13.52176021 10.88825670
v 30.44148500 -12.79694357 10.90950837
v 30.44148500 -12.08499028 11.04710672
v 30.44148500 -17.77659139 15.60546689
v 30.44148500 -15.85170003 15.27312379
v 30.44148500 -13.95816676 15.11657543
v 30.49293100 -13.95816676 15.11657543
v 30.49293100 -15.85170003 15.27312379
v 30.49293100 -17.77659139 15.60546689
v 30.44148500 -17.76425168 15.77925719
v 30.44148500 -17.76911384 15.72138189
v 30.44148500 -17.77322730 15.66344856
v 30.49293100 -17.77322730 15.66344856
v 30.49293100 -17.76911384 15.72138189
v 30.49293100 -17.76425168 15.77925719
v 30.44148500 -14.00275120 15.30432222
v 30.44148500 -15.08441726 15.37233251
v 30.44148500 -16.23430074 15.51070284
v 30.44148500 -16.77704229 15.59418292
v 30.44148500 -17.23940780 15.67332089
v 30.44148500 -17.57723368 15.73730349
v 30.49293100 -17.57723368 15.73730349
v 30.49293100 -17.23940780 15.67332089
v 30.49293100 -16.77704229 15.59418292
v 30.49293100 -16.23430074 15.51070284
v 30.49293100 -15.08441726 15.37233251
v 30.49293100 -14.00275120 15.30432222
v 30.49293100 -13.97865813 15.17773100
v 30.49293100 -13.99355996 15.24048318
v 30.44148500 -17.75533972 14.88065025
v 30.44148500 -17.61774137 14.16869696
v 30.44148500 -17.36738198 13.48815969
v 30.44148500 -17.18444279 13.54533572
v 30.44148500 -16.85988570 13.65883811
v 30.44148500 -16.41989644 13.82148538
v 30.44148500 -15.90812843 14.02056028
v 30.44148500 -14.84311496 14.47566979
v 30.44148500 -13.87235952 14.95760418
v 30.44148500 -13.90540421 15.00811548
v 30.44148500 -13.93407462 15.06123186
v 30.44148500 -14.00611310 15.36458862
v 30.44148500 -14.00438420 15.42492396
v 30.44148500 -13.99757682 15.48489897
v 30.44148500 -15.55915056 16.56724046
v 30.44148500 -17.05998382 17.81750371
v 30.44148500 -17.40398767 17.17916825
v 30.44148500 -17.64080064 16.49379944
v 30.44148500 -13.05938120 19.86029806
v 30.44148500 -13.39172430 17.93540670
v 30.44148500 -13.54827266 16.04187343
v 30.49293100 -13.54827266 16.04187343
v 30.49293100 -13.39172430 17.93540670
v 30.49293100 -13.05938120 19.86029806
v 30.44148500 -12.94346621 19.85282052
v 30.44148500 -13.00139953 19.85693398
v 30.49293100 -13.00139953 19.85693398
v 30.49293100 -12.94346621 19.85282052
v 30.49293100 -12.88559090 19.84795836
v 30.49293100 -12.92754461 19.66094036
v 30.49293100 -12.99152720 19.32311447
v 30.49293100 -13.07066517 18.86074897
v 30.49293100 -13.15414525 18.31800742
v 30.49293100 -13.29251559 17.16812394
v 30.49293100 -13.36052588 16.08645788
v 30.49293100 -13.48711709 16.06236481
v 30.49293100 -13.42436491 16.07726664
v 30.44148500 -13.78419784 19.83904640
v 30.44148500 -14.49615113 19.70144805
v 30.44148500 -15.17668840 19.45108866
v 30.44148500 -15.11951237 19.26814947
v 30.44148500 -15.00600998 18.94359237
v 30.44148500 -14.84336272 18.50360311
v 30.44148500 -14.64428782 17.99183510
v 30.44148500 -14.18917830 16.92682163
v 30.44148500 -13.70724391 15.95606620
v 30.44148500 -13.65673261 15.98911089
v 30.44148500 -13.60361623 16.01778129
v 30.44148500 -17.29117333 13.33148303
v 30.44148500 -15.45799697 14.00611114
v 30.44148500 -13.73987487 14.81730292
v 30.49293100 -13.73987487 14.81730292
v 30.49293100 -15.45799697 14.00611114
v 30.49293100 -17.29117333 13.33148303
v 30.44148500 -17.34265508 13.43560713
v 30.44148500 -17.31725078 13.38337867
v 30.49293100 -17.31725078 13.38337867
v 30.49293100 -17.34265508 13.43560713
v 30.49293100 -17.36738198 13.48815969
v 30.49293100 -17.18444279 13.54533572
v 30.49293100 -16.85988570 13.65883811
v 30.49293100 -16.41989644 13.82148538
v 30.49293100 -15.90812843 14.02056028
v 30.49293100 -14.84311496 14.47566979
v 30.49293100 -13.87235952 14.95760418
v 30.49293100 -13.78819871 14.86001951
v 30.49293100 -13.83248016 14.90691358
v 30.44148500 -16.91036053 12.71439924
v 30.44148500 -16.43522022 12.16662878
v 30.44148500 -15.87813399 11.70244591
v 30.44148500 -15.74829202 11.84343140
v 30.44148500 -15.52396853 12.10400590
v 30.44148500 -15.22425028 12.46485719
v 30.44148500 -14.88058363 12.89314512
v 30.44148500 -14.18580967 13.81978826
v 30.44148500 -13.58607800 14.72253340
v 30.44148500 -13.63995119 14.74975512
v 30.44148500 -13.69133868 14.78142005
v 30.44148500 -9.52115759 12.93105106
v 30.44148500 -11.02199086 14.18131430
v 30.44148500 -12.58356459 15.26365580
v 30.49293100 -12.58356459 15.26365580
v 30.49293100 -11.02199086 14.18131430
v 30.49293100 -9.52115759 12.93105106
v 30.44148500 -9.58559083 12.83440450
v 30.44148500 -9.55306181 12.88251950
v 30.49293100 -9.55306181 12.88251950
v 30.49293100 -9.58559083 12.83440450
v 30.49293100 -9.61873923 12.78671410
v 30.49293100 -9.75972472 12.91655607
v 30.49293100 -10.02029922 13.14087956
v 30.49293100 -10.38115052 13.44059781
v 30.49293100 -10.80943844 13.78426446
v 30.49293100 -11.73608158 14.47903842
v 30.49293100 -12.63882672 15.07877009
v 30.49293100 -12.59639633 15.20044783
v 30.49293100 -12.61486705 15.13865193
v 30.44148500 -9.17715375 13.56938651
v 30.44148500 -8.94034077 14.25475532
v 30.44148500 -8.81688973 14.96929758
v 30.44148500 -9.00390773 15.01125128
v 30.44148500 -9.34173362 15.07523388
v 30.44148500 -9.80409912 15.15437184
v 30.44148500 -10.34684067 15.23785193
v 30.44148500 -11.49672415 15.37622226
v 30.44148500 -12.57839021 15.44423255
v 30.44148500 -12.57502832 15.38396614
v 30.44148500 -12.57675721 15.32363081
v 30.49293100 -12.84126655 15.93125185
v 30.49293100 -11.12314445 16.74244362
v 30.49293100 -9.28996808 17.41707174
v 30.44148500 -9.21375943 17.26039507
v 30.44148500 -9.23848633 17.31294763
v 30.44148500 -9.26389063 17.36517610
v 30.49293100 -9.26389063 17.36517610
v 30.49293100 -9.23848633 17.31294763
v 30.49293100 -9.21375943 17.26039507
v 30.44148500 -12.70878189 15.79095058
v 30.44148500 -11.73802646 16.27288497
v 30.44148500 -10.67301299 16.72799449
v 30.44148500 -10.16124498 16.92706939
v 30.44148500 -9.72125572 17.08971666
v 30.44148500 -9.39669862 17.20321905
v 30.49293100 -9.39669862 17.20321905
v 30.49293100 -9.72125572 17.08971666
v 30.49293100 -10.16124498 16.92706939
v 30.49293100 -10.67301299 16.72799449
v 30.49293100 -11.73802646 16.27288497
v 30.49293100 -12.70878189 15.79095058
v 30.49293100 -12.79294271 15.88853525
v 30.49293100 -12.74866125 15.84164119
v 30.44148500 -12.67573720 15.74043929
v 30.44148500 -12.64706680 15.68732291
v 30.44148500 -12.62297466 15.63197934
v 30.44148500 -10.72944139 15.47543098
v 30.44148500 -8.80455003 15.14308788
v 30.44148500 -8.82580169 15.86790452
v 30.44148500 -8.96340004 16.57985781
v 30.49293100 -13.03286875 14.70668134
v 30.49293100 -13.18941712 12.81314806
v 30.49293100 -13.52176021 10.88825670
v 30.44148500 -13.69555051 10.90059641
v 30.44148500 -13.63767521 10.89573425
v 30.44148500 -13.57974188 10.89162079
v 30.49293100 -13.57974188 10.89162079
v 30.49293100 -13.63767521 10.89573425
v 30.49293100 -13.69555051 10.90059641
v 30.44148500 -13.22061554 14.66209689
v 30.44148500 -13.28862583 13.58043083
v 30.44148500 -13.42699616 12.43054735
v 30.44148500 -13.51047625 11.88780580
v 30.44148500 -13.58961421 11.42544029
v 30.44148500 -13.65359681 11.08761441
v 30.49293100 -13.65359681 11.08761441
v 30.49293100 -13.58961421 11.42544029
v 30.49293100 -13.51047625 11.88780580
v 30.49293100 -13.42699616 12.43054735
v 30.49293100 -13.28862583 13.58043083
v 30.49293100 -13.22061554 14.66209689
v 30.49293100 -13.09402433 14.68618996
v 30.49293100 -13.15677651 14.67128813
v 30.44148500 -13.28088195 14.65873500
v 30.44148500 -13.34121728 14.66046389
v 30.44148500 -13.40119229 14.66727127
v 30.44148500 -14.48353379 13.10569753
v 30.44148500 -15.73379703 11.60486427
v 30.44148500 -15.09546158 11.26086043
v 30.44148500 -14.41009277 11.02404745
v 30.49293100 -13.99757682 15.48489897
v 30.49293100 -15.55915056 16.56724046
v 30.49293100 -17.05998382 17.81750371
v 30.44148500 -16.96240218 17.96184067
v 30.44148500 -16.99555058 17.91415027
v 30.44148500 -17.02807961 17.86603527
v 30.49293100 -17.02807961 17.86603527
v 30.49293100 -16.99555058 17.91415027
v 30.49293100 -16.96240218 17.96184067
v 30.44148500 -13.94231469 15.66978468
v 30.44148500 -14.84505983 16.26951635
v 30.44148500 -15.77170297 16.96429031
v 30.44148500 -16.19999090 17.30795696
v 30.44148500 -16.56084219 17.60767520
v 30.44148500 -16.82141669 17.83199870
v 30.49293100 -16.82141669 17.83199870
v 30.49293100 -16.56084219 17.60767520
v 30.49293100 -16.19999090 17.30795696
v 30.49293100 -15.77170297 16.96429031
v 30.49293100 -14.84505983 16.26951635
v 30.49293100 -13.94231469 15.66978468
v 30.49293100 -13.98474509 15.54810694
v 30.49293100 -13.96627436 15.60990284
v 30.44148500 -13.91509297 15.72365786
v 30.44148500 -13.88342804 15.77504535
v 30.44148500 -13.84754517 15.82358154
v 30.44148500 -14.65873695 17.54170364
v 30.44148500 -15.33336506 19.37488001
v 30.44148500 -15.95044885 18.99406721
v 30.44148500 -16.49821931 18.51892689
v 30.49293100 -13.84754517 15.82358154
v 30.49293100 -14.65873695 17.54170364
v 30.49293100 -15.33336506 19.37488001
v 30.44148500 -15.22924096 19.42636176
v 30.44148500 -15.28146942 19.40095746
v 30.49293100 -15.28146942 19.40095746
v 30.49293100 -15.22924096 19.42636176
v 30.49293100 -15.17668840 19.45108866
v 30.49293100 -15.11951237 19.26814947
v 30.49293100 -15.00600998 18.94359237
v 30.49293100 -14.84336272 18.50360311
v 30.49293100 -14.64428782 17.99183510
v 30.49293100 -14.18917830 16.92682163
v 30.49293100 -13.70724391 15.95606620
v 30.49293100 -13.80482858 15.87190538
v 30.49293100 -13.75793451 15.91618684
v 30.49293100 -13.40119229 14.66727127
v 30.49293100 -14.48353379 13.10569753
v 30.49293100 -15.73379703 11.60486427
v 30.44148500 -15.83044359 11.66929751
v 30.44148500 -15.78232859 11.63676848
v 30.49293100 -15.78232859 11.63676848
v 30.49293100 -15.83044359 11.66929751
v 30.49293100 -15.87813399 11.70244591
v 30.49293100 -15.74829202 11.84343140
v 30.49293100 -15.52396853 12.10400590
v 30.49293100 -15.22425028 12.46485719
v 30.49293100 -14.88058363 12.89314512
v 30.49293100 -14.18580967 13.81978826
v 30.49293100 -13.58607800 14.72253340
v 30.49293100 -13.46440026 14.68010301
v 30.49293100 -13.52619616 14.69857373
v 30.49293100 -12.62297466 15.63197934
v 30.49293100 -10.72944139 15.47543098
v 30.49293100 -8.80455003 15.14308788
v 30.44148500 -8.81202758 15.02717288
v 30.44148500 -8.80791411 15.08510621
v 30.49293100 -8.80791411 15.08510621
v 30.49293100 -8.81202758 15.02717288
v 30.49293100 -8.81688973 14.96929758
v 30.49293100 -9.00390773 15.01125128
v 30.49293100 -9.34173362 15.07523388
v 30.49293100 -9.80409912 15.15437184
v 30.49293100 -10.34684067 15.23785193
v 30.49293100 -11.49672415 15.37622226
v 30.49293100 -12.57839021 15.44423255
v 30.49293100 -12.60248328 15.57082376
v 30.49293100 -12.58758145 15.50807158
v 30.33859300 -13.29057071 16.08988536
v 30.33859300 -12.93276672 15.99401207
v 30.33859300 -12.67083602 15.73208137
v 30.33859300 -12.57496273 15.37427738
v 30.33859300 -12.67083602 15.01647339
v 30.33859300 -12.93276672 14.75454269
v 30.33859300 -13.29057071 14.65866940
v 30.33859300 -13.64837470 14.75454269
v 30.33859300 -13.91030540 15.01647339
v 30.33859300 -14.00617869 15.37427738
v 30.33859300 -13.91030540 15.73208137
v 30.33859300 -13.64837470 15.99401207
v 26.32580500 -13.29057071 20.89517135
v 26.32580500 -12.10374170 20.76609592
v 26.32580500 -10.97240750 20.38490504
v 26.32580500 -9.94946803 19.76942279
v 26.32580500 -9.08275482 18.94842842
v 26.32580500 -8.41279439 17.96031072
v 26.32580500 -7.97091337 16.85127297
v 26.32580500 -7.77777361 15.67317256
v 26.32580500 -7.84240611 14.48109613
v 26.32580500 -8.16178874 13.33078387
v 26.32580500 -8.72098751 12.27602310
v 26.32580500 -9.49385491 11.36613325
v 26.32580500 -10.44425253 10.64365977
v 26.32580500 -11.52774082 10.14238471
v 26.32580500 -12.69365707 9.88574713
v 26.32580500 -13.88748434 9.88574713
v 26.32580500 -15.05340060 10.14238471
v 26.32580500 -16.13688889 10.64365977
v 26.32580500 -17.08728650 11.36613325
v 26.32580500 -17.86015390 12.27602310
v 26.32580500 -18.41935268 13.33078387
v 26.32580500 -18.73873530 14.48109613
v 26.32580500 -18.80336781 15.67317256
v 26.32580500 -18.61022805 16.85127297
v 26.32580500 -18.16834702 17.96031072
v 26.32580500 -17.49838660 18.94842842
v 26.32580500 -16.63167338 19.76942279
v 26.32580500 -15.60873392 20.38490504
v 26.32580500 -14.47739971 20.76609592
v 25.29688500 -13.29057071 19.86625135
v 25.29688500 -14.36557044 19.73572275
v 25.29688500 -15.37809510 19.35172280
v 25.29688500 -16.26930043 18.73656818
v 25.29688500 -16.98739281 17.92600944
v 25.29688500 -17.49063933 16.96715330
v 25.29688500 -17.74979313 15.91572501
v 25.29688500 -17.74979313 14.83282975
v 25.29688500 -17.49063933 13.78140146
v 25.29688500 -16.98739281 12.82254533
v 25.29688500 -16.26930043 12.01198659
v 25.29688500 -15.37809510 11.39683197
v 25.29688500 -14.36557044 11.01283202
v 25.29688500 -13.29057071 10.88230342
v 25.29688500 -12.21557097 11.01283202
v 25.29688500 -11.20304632 11.39683197
v 25.29688500 -10.31184099 12.01198659
v 25.29688500 -9.59374861 12.82254533
v 25.29688500 -9.09050209 13.78140146
v 25.29688500 -8.83134829 14.83282975
v 25.29688500 -8.83134829 15.91572501
v 25.29688500 -9.09050209 16.96715330
v 25.29688500 -9.59374861 17.92600944
v 25.29688500 -10.31184099 18.73656818
v 25.29688500 -11.20304632 19.35172280
v 25.29688500 -12.21557097 19.73572275
v 25.81134500 -13.29057071 9.99123256
v 25.43473414 -13.29057071 10.36784342
v 25.81134500 -12.09273055 20.62235804
v 25.43473414 -12.17653435 20.25518960
v 25.43473414 -13.29057071 20.38071135
v 25.81134500 -13.29057071 20.75732221
v 25.81134500 -10.95495509 20.22423319
v 25.43473414 -11.11836042 19.88491853
v 25.81134500 -9.93429716 19.58291130
v 25.43473414 -10.16911019 19.28846507
v 25.81134500 -9.08193679 18.73055094
v 25.43473414 -9.37638302 18.49573791
v 25.81134500 -8.44061491 17.70989300
v 25.43473414 -8.77992956 17.54648767
v 25.81134500 -8.04249005 16.57211755
v 25.43473414 -8.40965849 16.48831375
v 25.81134500 -7.90752588 15.37427738
v 25.43473414 -8.28413674 15.37427738
v 25.81134500 -8.04249005 14.17643722
v 25.43473414 -8.40965849 14.26024102
v 25.81134500 -8.44061491 13.03866177
v 25.43473414 -8.77992956 13.20206709
v 25.81134500 -9.08193679 12.01800383
v 25.43473414 -9.37638302 12.25281686
v 25.81134500 -9.93429716 11.16564347
v 25.43473414 -10.16911019 11.46008969
v 25.81134500 -10.95495509 10.52432158
v 25.43473414 -11.11836042 10.86363624
v 25.81134500 -12.09273055 10.12619673
v 25.43473414 -12.17653435 10.49336517
v 25.81134500 -14.48841087 10.12619673
v 25.43473414 -14.40460707 10.49336517
v 25.81134500 -15.62618632 10.52432158
v 25.43473414 -15.46278100 10.86363624
v 25.81134500 -16.64684426 11.16564347
v 25.43473414 -16.41203123 11.46008969
v 25.81134500 -17.49920462 12.01800383
v 25.43473414 -17.20475840 12.25281686
v 25.81134500 -18.14052651 13.03866177
v 25.43473414 -17.80121185 13.20206709
v 25.81134500 -18.53865136 14.17643722
v 25.43473414 -18.17148292 14.26024102
v 25.81134500 -18.67361553 15.37427738
v 25.43473414 -18.29700467 15.37427738
v 25.81134500 -18.53865136 16.57211755
v 25.43473414 -18.17148292 16.48831375
v 25.81134500 -18.14052651 17.70989300
v 25.43473414 -17.80121185 17.54648767
v 25.81134500 -17.49920462 18.73055094
v 25.43473414 -17.20475840 18.49573791
v 25.81134500 -16.64684426 19.58291130
v 25.43473414 -16.41203123 19.28846507
v 25.81134500 -15.62618632 20.22423319
v 25.43473414 -15.46278100 19.88491853
v 25.81134500 -14.48841087 20.62235804
v 25.43473414 -14.40460707 20.25518960
v 29.41256500 -13.29057071 20.89517135
v 29.41256500 -12.10374170 20.76609592
v 29.41256500 -10.97240750 20.38490504
v 29.41256500 -9.94946803 19.76942279
v 29.41256500 -9.08275482 18.94842842
v 29.41256500 -8.41279439 17.96031072
v 29.41256500 -7.97091337 16.85127297
v 29.41256500 -7.77777361 15.67317256
v 29.41256500 -7.84240611 14.48109613
v 29.41256500 -8.16178874 13.33078387
v 29.41256500 -8.72098751 12.27602310
v 29.41256500 -9.49385491 11.36613325
v 29.41256500 -10.44425253 10.64365977
v 29.41256500 -11.52774082 10.14238471
v 29.41256500 -12.69365707 9.88574713
v 29.41256500 -13.88748434 9.88574713
v 29.41256500 -15.05340060 10.14238471
v 29.41256500 -16.13688889 10.64365977
v 29.41256500 -17.08728650 11.36613325
v 29.41256500 -17.86015390 12.27602310
v 29.41256500 -18.41935268 13.33078387
v 29.41256500 -18.73873530 14.48109613
v 29.41256500 -18.80336781 15.67317256
v 29.41256500 -18.61022805 16.85127297
v 29.41256500 -18.16834702 17.96031072
v 29.41256500 -17.49838660 18.94842842
v 29.41256500 -16.63167338 19.76942279
v 29.41256500 -15.60873392 20.38490504
v 29.41256500 -14.47739971 20.76609592
v 25.29688500 -13.29057071 13.27839660
v 25.29688500 -12.57373726 13.40479368
v 25.29688500 -11.94336451 13.76873956
v 25.29688500 -11.47548471 14.32633699
v 25.29688500 -11.22653107 15.01033151
v 25.29688500 -11.22653107 15.73822326
v 25.29688500 -11.47548471 16.42221777
v 25.29688500 -11.94336451 16.97981521
v 25.29688500 -12.57373726 17.34376109
v 25.29688500 -13.29057071 17.47015816
v 25.29688500 -14.00740415 17.34376109
v 25.29688500 -14.63777690 16.97981521
v 25.29688500 -15.10565671 16.42221777
v 25.29688500 -15.35461035 15.73822326
v 25.29688500 -15.35461035 15.01033151
v 25.29688500 -15.10565671 14.32633699
v 25.29688500 -14.63777690 13.76873956
v 25.29688500 -14.00740415 13.40479368
v 3.68956500 -13.29057071 20.89517135
v 3.68956500 -14.47739971 20.76609592
v 3.68956500 -15.60873392 20.38490504
v 3.68956500 -16.63167338 19.76942279
v 3.68956500 -17.49838660 18.94842842
v 3.68956500 -18.16834702 17.96031072
v 3.68956500 -18.61022805 16.85127297
v 3.68956500 -18.80336781 15.67317256
v 3.68956500 -18.73873530 14.48109613
v 3.68956500 -18.41935268 13.33078387
v 3.68956500 -17.86015390 12.27602310
v 3.68956500 -17.08728650 11.36613325
v 3.68956500 -16.13688889 10.64365977
v 3.68956500 -15.05340060 10.14238471
v 3.68956500 -13.88748434 9.88574713
v 3.68956500 -12.69365707 9.88574713
v 3.68956500 -11.52774082 10.14238471
v 3.68956500 -10.44425253 10.64365977
v 3.68956500 -9.49385491 11.36613325
v 3.68956500 -8.72098751 12.27602310
v 3.68956500 -8.16178874 13.33078387
v 3.68956500 -7.84240611 14.48109613
v 3.68956500 -7.77777361 15.67317256
v 3.68956500 -7.97091337 16.85127297
v 3.68956500 -8.41279439 17.96031072
v 3.68956500 -9.08275482 18.94842842
v 3.68956500 -9.94946803 19.76942279
v 3.68956500 -10.97240750 20.38490504
v 3.68956500 -12.10374170 20.76609592
v 4.71848500 -13.29057071 19.86625135
v 4.71848500 -12.21557097 19.73572275
v 4.71848500 -11.20304632 19.35172280
v 4.71848500 -10.31184099 18.73656818
v 4.71848500 -9.59374861 17.92600944
v 4.71848500 -9.09050209 16.96715330
v 4.71848500 -8.83134829 15.91572501
v 4.71848500 -8.83134829 14.83282975
v 4.71848500 -9.09050209 13.78140146
v 4.71848500 -9.59374861 12.82254533
v 4.71848500 -10.31184099 12.01198659
v 4.71848500 -11.20304632 11.39683197
v 4.71848500 -12.21557097 11.01283202
v 4.71848500 -13.29057071 10.88230342
v 4.71848500 -14.36557044 11.01283202
v 4.71848500 -15.37809510 11.39683197
v 4.71848500 -16.26930043 12.01198659
v 4.71848500 -16.98739281 12.82254533
v 4.71848500 -17.49063933 13.78140146
v 4.71848500 -17.74979313 14.83282975
v 4.71848500 -17.74979313 15.91572501
v 4.71848500 -17.49063933 16.96715330
v 4.71848500 -16.98739281 17.92600944
v 4.71848500 -16.26930043 18.73656818
v 4.71848500 -15.37809510 19.35172280
v 4.71848500 -14.36557044 19.73572275
v 4.20402500 -13.29057071 20.75732221
v 4.58063586 -13.29057071 20.38071135
v 4.20402500 -14.48841087 20.62235804
v 4.58063586 -14.40460707 20.25518960
v 4.20402500 -15.62618632 20.22423319
v 4.58063586 -15.46278100 19.88491853
v 4.20402500 -16.64684426 19.58291130
v 4.58063586 -16.41203123 19.28846507
v 4.20402500 -17.49920462 18.73055094
v 4.58063586 -17.20475840 18.49573791
v 4.20402500 -18.14052651 17.70989300
v 4.58063586 -17.80121185 17.54648767
v 4.20402500 -18.53865136 16.57211755
v 4.58063586 -18.17148292 16.48831375
v 4.20402500 -18.67361553 15.37427738
v 4.58063586 -18.29700467 15.37427738
v 4.20402500 -18.53865136 14.17643722
v 4.58063586 -18.17148292 14.26024102
v 4.20402500 -18.14052651 13.03866177
v 4.58063586 -17.80121185 13.20206709
v 4.20402500 -17.49920462 12.01800383
v 4.58063586 -17.20475840 12.25281686
v 4.20402500 -16.64684426 11.16564347
v 4.58063586 -16.41203123 11.46008969
v 4.20402500 -15.62618632 10.52432158
v 4.58063586 -15.46278100 10.86363624
v 4.20402500 -14.48841087 10.12619673
v 4.58063586 -14.40460707 10.49336517
v 4.20402500 -13.29057071 9.99123256
v 4.58063586 -13.29057071 10.36784342
v 4.20402500 -12.09273055 10.12619673
v 4.58063586 -12.17653435 10.49336517
v 4.20402500 -10.95495509 10.52432158
v 4.58063586 -11.11836042 10.86363624
v 4.20402500 -9.93429716 11.16564347
v 4.58063586 -10.16911019 11.46008969
v 4.20402500 -9.08193679 12.01800383
v 4.58063586 -9.37638302 12.25281686
v 4.20402500 -8.44061491 13.03866177
v 4.58063586 -8.77992956 13.20206709
v 4.20402500 -8.04249005 14.17643722
v 4.58063586 -8.40965849 14.26024102
v 4.20402500 -7.90752588 15.37427738
v 4.58063586 -8.28413674 15.37427738
v 4.20402500 -8.04249005 16.57211755
v 4.58063586 -8.40965849 16.48831375
v 4.20402500 -8.44061491 17.70989300
v 4.58063586 -8.77992956 17.54648767
v 4.20402500 -9.08193679 18.73055094
v 4.58063586 -9.37638302 18.49573791
v 4.20402500 -9.93429716 19.58291130
v 4.58063586 -10.16911019 19.28846507
v 4.20402500 -10.95495509 20.22423319
v 4.58063586 -11.11836042 19.88491853
v 4.20402500 -12.09273055 20.62235804
v 4.58063586 -12.17653435 20.25518960
v 0.60280500 -13.29057071 20.89517135
v 0.60280500 -14.47739971 20.76609592
v 0.60280500 -15.60873392 20.38490504
v 0.60280500 -16.63167338 19.76942279
v 0.60280500 -17.49838660 18.94842842
v 0.60280500 -18.16834702 17.96031072
v 0.60280500 -18.61022805 16.85127297
v 0.60280500 -18.80336781 15.67317256
v 0.60280500 -18.73873530 14.48109613
v 0.60280500 -18.41935268 13.33078387
v 0.60280500 -17.86015390 12.27602310
v 0.60280500 -17.08728650 11.36613325
v 0.60280500 -16.13688889 10.64365977
v 0.60280500 -15.05340060 10.14238471
v 0.60280500 -13.88748434 9.88574713
v 0.60280500 -12.69365707 9.88574713
v 0.60280500 -11.52774082 10.14238471
v 0.60280500 -10.44425253 10.64365977
v 0.60280500 -9.49385491 11.36613325
v 0.60280500 -8.72098751 12.27602310
v 0.60280500 -8.16178874 13.33078387
v 0.60280500 -7.84240611 14.48109613
v 0.60280500 -7.77777361 15.67317256
v 0.60280500 -7.97091337 16.85127297
v 0.60280500 -8.41279439 17.96031072
v 0.60280500 -9.08275482 18.94842842
v 0.60280500 -9.94946803 19.76942279
v 0.60280500 -10.97240750 20.38490504
v 0.60280500 -12.10374170 20.76609592
v 4.71848500 -13.29057071 13.27839660
v 4.71848500 -14.00740415 13.40479368
v 4.71848500 -14.63777690 13.76873956
v 4.71848500 -15.10565671 14.32633699
v 4.71848500 -15.35461035 15.01033151
v 4.71848500 -15.35461035 15.73822326
v 4.71848500 -15.10565671 16.42221777
v 4.71848500 -14.63777690 16.97981521
v 4.71848500 -14.00740415 17.34376109
v 4.71848500 -13.29057071 17.47015816
v 4.71848500 -12.57373726 17.34376109
v 4.71848500 -11.94336451 16.97981521
v 4.71848500 -11.47548471 16.42221777
v 4.71848500 -11.22653107 15.73822326
v 4.71848500 -11.22653107 15.01033151
v 4.71848500 -11.47548471 14.32633699
v 4.71848500 -11.94336451 13.76873956
v 4.71848500 -12.57373726 13.40479368
v 0.08834500 -13.29057071 9.99123256
v -0.28826586 -13.29057071 10.36784342
v 0.08834500 -12.09273055 20.62235804
v -0.28826586 -12.17653435 20.25518960
v -0.28826586 -13.29057071 20.38071135
v 0.08834500 -13.29057071 20.75732221
v 0.08834500 -10.95495509 20.22423319
v -0.28826586 -11.11836042 19.88491853
v 0.08834500 -9.93429716 19.58291130
v -0.28826586 -10.16911019 19.28846507
v 0.08834500 -9.08193679 18.73055094
v -0.28826586 -9.37638302 18.49573791
v 0.08834500 -8.44061491 17.70989300
v -0.28826586 -8.77992956 17.54648767
v 0.08834500 -8.04249005 16.57211755
v -0.28826586 -8.40965849 16.48831375
v 0.08834500 -7.90752588 15.37427738
v -0.28826586 -8.28413674 15.37427738
v 0.08834500 -8.04249005 14.17643722
v -0.28826586 -8.40965849 14.26024102
v 0.08834500 -8.44061491 13.03866177
v -0.28826586 -8.77992956 13.20206709
v 0.08834500 -9.08193679 12.01800383
v -0.28826586 -9.37638302 12.25281686
v 0.08834500 -9.93429716 11.16564347
v -0.28826586 -10.16911019 11.46008969
v 0.08834500 -10.95495509 10.52432158
v -0.28826586 -11.11836042 10.86363624
v 0.08834500 -12.09273055 10.12619673
v -0.28826586 -12.17653435 10.49336517
v 0.08834500 -14.48841087 10.12619673
v -0.28826586 -14.40460707 10.49336517
v 0.08834500 -15.62618632 10.52432158
v -0.28826586 -15.46278100 10.86363624
v 0.08834500 -16.64684426 11.16564347
v -0.28826586 -16.41203123 11.46008969
v 0.08834500 -17.49920462 12.01800383
v -0.28826586 -17.20475840 12.25281686
v 0.08834500 -18.14052651 13.03866177
v -0.28826586 -17.80121185 13.20206709
v 0.08834500 -18.53865136 14.17643722
v -0.28826586 -18.17148292 14.26024102
v 0.08834500 -18.67361553 15.37427738
v -0.28826586 -18.29700467 15.37427738
v 0.08834500 -18.53865136 16.57211755
v -0.28826586 -18.17148292 16.48831375
v 0.08834500 -18.14052651 17.70989300
v -0.28826586 -17.80121185 17.54648767
v 0.08834500 -17.49920462 18.73055094
v -0.28826586 -17.20475840 18.49573791
v 0.08834500 -16.64684426 19.58291130
v -0.28826586 -16.41203123 19.28846507
v 0.08834500 -15.62618632 20.22423319
v -0.28826586 -15.46278100 19.88491853
v 0.08834500 -14.48841087 20.62235804
v -0.28826586 -14.40460707 20.25518960
v 29.92702500 -13.29057071 20.75732221
v 30.30363586 -13.29057071 20.38071135
v 29.92702500 -14.48841087 20.62235804
v 30.30363586 -14.40460707 20.25518960
v 29.92702500 -15.62618632 20.22423319
v 30.30363586 -15.46278100 19.88491853
v 29.92702500 -16.64684426 19.58291130
v 30.30363586 -16.41203123 19.28846507
v 29.92702500 -17.49920462 18.73055094
v 30.30363586 -17.20475840 18.49573791
v 29.92702500 -18.14052651 17.70989300
v 30.30363586 -17.80121185 17.54648767
v 29.92702500 -18.53865136 16.57211755
v 30.30363586 -18.17148292 16.48831375
v 29.92702500 -18.67361553 15.37427738
v 30.30363586 -18.29700467 15.37427738
v 29.92702500 -18.53865136 14.17643722
v 30.30363586 -18.17148292 14.26024102
v 29.92702500 -18.14052651 13.03866177
v 30.30363586 -17.80121185 13.20206709
v 29.92702500 -17.49920462 12.01800383
v 30.30363586 -17.20475840 12.25281686
v 29.92702500 -16.64684426 11.16564347
v 30.30363586 -16.41203123 11.46008969
v 29.92702500 -15.62618632 10.52432158
v 30.30363586 -15.46278100 10.86363624
v 29.92702500 -14.48841087 10.12619673
v 30.30363586 -14.40460707 10.49336517
v 29.92702500 -13.29057071 9.99123256
v 30.30363586 -13.29057071 10.36784342
v 29.92702500 -12.09273055 10.12619673
v 30.30363586 -12.17653435 10.49336517
v 29.92702500 -10.95495509 10.52432158
v 30.30363586 -11.11836042 10.86363624
v 29.92702500 -9.93429716 11.16564347
v 30.30363586 -10.16911019 11.46008969
v 29.92702500 -9.08193679 12.01800383
v 30.30363586 -9.37638302 12.25281686
v 29.92702500 -8.44061491 13.03866177
v 30.30363586 -8.77992956 13.20206709
v 29.92702500 -8.04249005 14.17643722
v 30.30363586 -8.40965849 14.26024102
v 29.92702500 -7.90752588 15.37427738
v 30.30363586 -8.28413674 15.37427738
v 29.92702500 -8.04249005 16.57211755
v 30.30363586 -8.40965849 16.48831375
v 29.92702500 -8.44061491 17.70989300
v 30.30363586 -8.77992956 17.54648767
v 29.92702500 -9.08193679 18.73055094
v 30.30363586 -9.37638302 18.49573791
v 29.92702500 -9.93429716 19.58291130
v 30.30363586 -10.16911019 19.28846507
v 29.92702500 -10.95495509 20.22423319
v 30.30363586 -11.11836042 19.88491853
v 29.92702500 -12.09273055 20.62235804
v 30.30363586 -12.17653435 20.25518960
v -0.29750000 2.61250854 -6.91079773
v -0.29750000 2.76016027 -8.23570636
v -0.29750000 2.88107232 -9.53738132
v -0.34894600 2.88107232 -9.53738132
v -0.34894600 2.76016027 -8.23570636
v -0.34894600 2.61250854 -6.91079773
v -0.29750000 2.10791160 -4.34481611
v -0.29750000 2.27565943 -5.01655994
v -0.29750000 2.41191905 -5.67032276
v -0.34894600 2.41191905 -5.67032276
v -0.34894600 2.27565943 -5.01655994
v -0.34894600 2.10791160 -4.34481611
v -0.29750000 0.60608482 -0.70949100
v -0.29750000 1.08242751 -1.65528183
v -0.29750000 1.49660538 -2.59947121
v -0.29750000 1.83936726 -3.50538501
v -0.34894600 1.83936726 -3.50538501
v -0.34894600 1.49660538 -2.59947121
v -0.34894600 1.08242751 -1.65528183
v -0.34894600 0.60608482 -0.70949100
v -0.29750000 -1.65445557 2.73227354
v -0.29750000 -1.15321478 2.04164527
v -0.29750000 -0.61371625 1.26627582
v -0.29750000 -0.32258175 0.82799855
v -0.29750000 -0.01864189 0.35147525
v -0.34894600 -0.01864189 0.35147525
v -0.34894600 -0.32258175 0.82799855
v -0.34894600 -0.61371625 1.26627582
v -0.34894600 -1.15321478 2.04164527
v -0.34894600 -1.65445557 2.73227354
v -0.29750000 -3.65310900 5.44341492
v -0.29750000 -2.69627003 4.13093643
v -0.34894600 -2.69627003 4.13093643
v -0.34894600 -3.65310900 5.44341492
v -0.29750000 -3.66411885 -4.77174931
v -0.29750000 -3.67266580 -3.73268752
v -0.29750000 -3.67804856 -2.61778802
v -0.29750000 -3.68043757 -1.43113590
v -0.29750000 -3.68001175 -0.17701924
v -0.29750000 -3.67694014 1.14051033
v -0.29750000 -3.67136710 2.51799261
v -0.29750000 -3.66340116 3.95282698
v -0.34894600 -3.66340116 3.95282698
v -0.34894600 -3.67136710 2.51799261
v -0.34894600 -3.67694014 1.14051033
v -0.34894600 -3.68001175 -0.17701924
v -0.34894600 -3.68043757 -1.43113590
v -0.34894600 -3.67804856 -2.61778802
v -0.34894600 -3.67266580 -3.73268752
v -0.34894600 -3.66411885 -4.77174931
v -0.29750000 -3.47936962 -10.29506060
v -0.29750000 -3.51167351 -9.74952601
v -0.29750000 -3.54150351 -9.16507643
v -0.29750000 -3.56880590 -8.54086693
v -0.29750000 -3.59349807 -7.87559798
v -0.29750000 -3.61547846 -7.16767223
v -0.29750000 -3.63463824 -6.41537744
v -0.29750000 -3.65087563 -5.61711291
v -0.34894600 -3.65087563 -5.61711291
v -0.34894600 -3.63463824 -6.41537744
v -0.34894600 -3.61547846 -7.16767223
v -0.34894600 -3.59349807 -7.87559798
v -0.34894600 -3.56880590 -8.54086693
v -0.34894600 -3.54150351 -9.16507643
v -0.34894600 -3.51167351 -9.74952601
v -0.34894600 -3.47936962 -10.29506060
v -0.29750000 2.96823854 -11.28210915
v -0.29750000 2.53182817 -11.13740990
v -0.29750000 1.99816773 -10.99832084
v -0.29750000 1.35912432 -10.86531115
v -0.29750000 0.60608482 -10.73887770
v -0.29750000 -0.26295414 -10.61913607
v -0.29750000 -1.24046107 -10.50565178
v -0.29750000 -2.31546661 -10.39779202
v -0.34894600 -2.31546661 -10.39779202
v -0.34894600 -1.24046107 -10.50565178
v -0.34894600 -0.26295414 -10.61913607
v -0.34894600 0.60608482 -10.73887770
v -0.34894600 1.35912432 -10.86531115
v -0.34894600 1.99816773 -10.99832084
v -0.34894600 2.53182817 -11.13740990
v -0.34894600 2.96823854 -11.28210915
v -0.29750000 2.93833398 -10.46789440
v -0.34894600 2.93833398 -10.46789440
v -0.29750000 -3.30817567 -11.02487587
v -0.29750000 -2.15248156 -11.15710670
v -0.29750000 -1.08424100 -11.28620430
v -0.29750000 -0.11255161 -11.41184274
v -0.29750000 0.75158194 -11.53362774
v -0.34894600 0.75158194 -11.53362774
v -0.34894600 -0.11255161 -11.41184274
v -0.34894600 -1.08424100 -11.28620430
v -0.34894600 -2.15248156 -11.15710670
v -0.34894600 -3.30817567 -11.02487587
v -0.29750000 -2.76859228 -20.35668089
v -0.29750000 -2.93341059 -18.13829204
v -0.29750000 -3.07697018 -15.83851115
v -0.29750000 -3.20132067 -13.46518550
v -0.34894600 -3.20132067 -13.46518550
v -0.34894600 -3.07697018 -15.83851115
v -0.34894600 -2.93341059 -18.13829204
v -0.34894600 -2.76859228 -20.35668089
v -0.29750000 -1.95654039 -27.99333758
v -0.29750000 -2.18893790 -26.00521533
v -0.29750000 -2.40267744 -24.06722820
v -0.29750000 -2.59649176 -22.18278137
v -0.34894600 -2.59649176 -22.18278137
v -0.34894600 -2.40267744 -24.06722820
v -0.34894600 -2.18893790 -26.00521533
v -0.34894600 -1.95654039 -27.99333758
v -0.29750000 2.96823854 -11.94032138
v -0.29750000 3.04701878 -12.32224507
v -0.29750000 3.10335107 -12.82875420
v -0.29750000 3.13752253 -13.45759502
v -0.29750000 3.15043211 -14.20205961
v -0.29750000 3.14396242 -15.04838186
v -0.29750000 3.12134318 -15.97318649
v -0.29750000 3.04894171 -17.90488506
v -0.29750000 3.01250971 -18.81391282
v -0.29750000 2.98422325 -19.62060055
v -0.29750000 2.97443500 -19.97384502
v -0.29750000 2.96784585 -20.28968876
v -0.29750000 2.96436155 -20.56695697
v -0.29750000 2.96357677 -20.80629680
v -0.29750000 2.96665288 -21.18460540
v -0.29750000 2.96668469 -21.47198901
v -0.29750000 2.94933331 -21.73862109
v -0.29750000 2.89948618 -22.05779450
v -0.29750000 2.80448566 -22.48591121
v -0.29750000 2.65716217 -23.04385317
v -0.29750000 2.45686183 -23.71217211
v -0.29750000 2.20812359 -24.44249382
v -0.29750000 1.91892888 -25.17191815
v -0.29750000 1.59899877 -25.83718554
v -0.29750000 1.25809206 -26.38888124
v -0.29750000 0.90442607 -26.80439476
v -0.29750000 0.54403404 -27.09013195
v -0.29750000 0.18105034 -27.27304896
v -0.29750000 -0.54304856 -27.48027523
v -0.29750000 -1.25679761 -27.68228590
v -0.34894600 -1.25679761 -27.68228590
v -0.34894600 -0.54304856 -27.48027523
v -0.34894600 0.18105034 -27.27304896
v -0.34894600 0.54403404 -27.09013195
v -0.34894600 0.90442607 -26.80439476
v -0.34894600 1.25809206 -26.38888124
v -0.34894600 1.59899877 -25.83718554
v -0.34894600 1.91892888 -25.17191815
v -0.34894600 2.20812359 -24.44249382
v -0.34894600 2.45686183 -23.71217211
v -0.34894600 2.65716217 -23.04385317
v -0.34894600 2.80448566 -22.48591121
v -0.34894600 2.89948618 -22.05779450
v -0.34894600 2.94933331 -21.73862109
v -0.34894600 2.96668469 -21.47198901
v -0.34894600 2.96665288 -21.18460540
v -0.34894600 2.96357677 -20.80629680
v -0.34894600 2.96436155 -20.56695697
v -0.34894600 2.96784585 -20.28968876
v -0.34894600 2.97443500 -19.97384502
v -0.34894600 2.98422325 -19.62060055
v -0.34894600 3.01250971 -18.81391282
v -0.34894600 3.04894171 -17.90488506
v -0.34894600 3.12134318 -15.97318649
v -0.34894600 3.14396242 -15.04838186
v -0.34894600 3.15043211 -14.20205961
v -0.34894600 3.13752253 -13.45759502
v -0.34894600 3.10335107 -12.82875420
v -0.34894600 3.04701878 -12.32224507
v -0.34894600 2.96823854 -11.94032138
v -0.29750000 1.40293051 -11.63670996
v -0.29750000 1.98613307 -11.73880432
v -0.29750000 2.50645607 -11.83998716
v -0.34894600 2.50645607 -11.83998716
v -0.34894600 1.98613307 -11.73880432
v -0.34894600 1.40293051 -11.63670996
v 14.04623302 7.57381834 -6.40127951
v 14.05302567 7.57920168 -6.48959085
v 14.07324439 7.58445884 -6.57583224
v 14.10641529 7.58946660 -6.65798227
v 14.15176085 7.59410757 -6.73411540
v 14.20821823 7.59827299 -6.80244714
v 14.27446410 7.60186520 -6.86137585
v 14.34894573 7.60480002 -6.90952029
v 14.42991731 7.60700866 -6.94575200
v 14.51548096 7.60843934 -6.96922174
v 14.60363112 7.60905854 -6.97937939
v 14.69230164 7.60885174 -6.97598687
v 14.77941415 7.60782378 -6.95912369
v 14.86292681 7.60599876 -6.92918513
v 14.94088215 7.60341947 -6.88687290
v 15.01145297 7.60014635 -6.83317877
v 15.07298514 7.59625612 -6.76936129
v 15.12403641 7.59183997 -6.69691629
v 15.16341017 7.58700140 -6.61754181
v 15.19018354 7.58185384 -6.53309833
v 15.20372897 7.57651793 -6.44556512
v 15.20372897 7.57111875 -6.35699390
v 15.19018354 7.56578284 -6.26946069
v 15.16341017 7.56063528 -6.18501721
v 15.12403641 7.55579672 -6.10564273
v 15.07298514 7.55138057 -6.03319772
v 15.01145297 7.54749034 -5.96938025
v 14.94088215 7.54421722 -5.91568612
v 14.86292681 7.54163792 -5.87337389
v 14.77941415 7.53981291 -5.84343532
v 14.69230164 7.53878495 -5.82657215
v 14.60363112 7.53857815 -5.82317963
v 14.51548096 7.53919734 -5.83333728
v 14.42991731 7.54062803 -5.85680702
v 14.34894573 7.54283666 -5.89303873
v 14.27446410 7.54577148 -5.94118317
v 14.20821823 7.54936370 -6.00011188
v 14.15176085 7.55352911 -6.06844362
v 14.10641529 7.55817009 -6.14457675
v 14.07324439 7.56317784 -6.22672678
v 14.05302567 7.56843500 -6.31296817
v 14.04623302 7.17455947 -6.42561780
v 14.05302567 7.16917613 -6.33730646
v 14.07324439 7.16391897 -6.25106506
v 14.10641529 7.15891121 -6.16891504
v 14.15176085 7.15427024 -6.09278191
v 14.20821823 7.15010483 -6.02445017
v 14.27446410 7.14651261 -5.96552146
v 14.34894573 7.14357779 -5.91737701
v 14.42991731 7.14136915 -5.88114530
v 14.51548096 7.13993847 -5.85767557
v 14.60363112 7.13931927 -5.84751792
v 14.69230164 7.13952608 -5.85091044
v 14.77941415 7.14055403 -5.86777361
v 14.86292681 7.14237905 -5.89771218
v 14.94088215 7.14495835 -5.94002441
v 15.01145297 7.14823147 -5.99371853
v 15.07298514 7.15212170 -6.05753601
v 15.12403641 7.15653785 -6.12998102
v 15.16341017 7.16137641 -6.20935550
v 15.19018354 7.16652397 -6.29379898
v 15.20372897 7.17185988 -6.38133219
v 15.20372897 7.17725906 -6.46990341
v 15.19018354 7.18259497 -6.55743661
v 15.16341017 7.18774253 -6.64188010
v 15.12403641 7.19258109 -6.72125458
v 15.07298514 7.19699724 -6.79369958
v 15.01145297 7.20088747 -6.85751706
v 14.94088215 7.20416059 -6.91121119
v 14.86292681 7.20673989 -6.95352341
v 14.77941415 7.20856491 -6.98346198
v 14.69230164 7.20959286 -7.00032516
v 14.60363112 7.20979967 -7.00371768
v 14.51548096 7.20918047 -6.99356002
v 14.42991731 7.20774979 -6.97009029
v 14.34894573 7.20554115 -6.93385858
v 14.27446410 7.20260633 -6.88571414
v 14.20821823 7.19901411 -6.82678543
v 14.15176085 7.19484870 -6.75845369
v 14.10641529 7.19020773 -6.68232055
v 14.07324439 7.18519997 -6.60017053
v 14.05302567 7.17994281 -6.51392913
f 16 1 17
f 17 1 2
f 17 2 23
f 23 2 3
f 23 3 22
f 22 3 21
f 22 21 31
f 31 21 32
f 31 32 26
f 26 32 25
f 26 25 36
f 36 25 35
f 36 35 40
f 40 35 41
f 40 41 11
f 11 41 10
f 10 41 20
f 10 20 9
f 9 20 8
f 8 20 34
f 8 34 7
f 7 34 24
f 7 24 6
f 6 24 33
f 6 33 18
f 18 33 32
f 18 32 21
f 3 4 21
f 21 4 18
f 4 5 18
f 18 5 6
f 40 11 39
f 39 11 12
f 39 12 19
f 19 12 13
f 19 13 14
f 19 14 38
f 38 14 15
f 38 15 28
f 28 15 16
f 28 16 29
f 29 16 17
f 29 17 23
f 23 22 30
f 30 22 31
f 30 31 27
f 27 31 26
f 27 26 37
f 37 26 36
f 37 36 39
f 39 36 40
f 32 33 25
f 25 33 24
f 25 24 35
f 35 24 34
f 35 34 41
f 41 34 20
f 27 28 30
f 30 28 29
f 30 29 23
f 28 27 38
f 38 27 37
f 38 37 19
f 19 37 39
f 42 62 5
f 5 62 54
f 5 54 53
f 53 54 67
f 53 67 66
f 66 67 68
f 66 68 65
f 65 68 69
f 65 69 64
f 64 69 70
f 64 70 63
f 63 70 71
f 63 71 57
f 57 71 45
f 57 45 46
f 43 60 42
f 42 60 61
f 42 61 62
f 62 61 54
f 44 58 43
f 43 58 59
f 43 59 60
f 60 59 87
f 60 87 88
f 88 87 68
f 88 68 67
f 58 44 55
f 55 44 45
f 55 45 71
f 47 72 46
f 46 72 80
f 46 80 57
f 57 80 79
f 57 79 63
f 63 79 78
f 63 78 64
f 64 78 77
f 64 77 65
f 65 77 56
f 65 56 66
f 66 56 53
f 72 47 81
f 81 47 48
f 81 48 49
f 50 83 49
f 49 83 82
f 49 82 81
f 81 82 72
f 9 85 50
f 50 85 84
f 50 84 83
f 83 84 74
f 83 74 73
f 73 74 79
f 73 79 80
f 9 51 85
f 85 51 76
f 85 76 75
f 75 76 77
f 75 77 78
f 51 52 76
f 76 52 56
f 76 56 77
f 52 53 56
f 59 58 86
f 86 58 55
f 86 55 70
f 70 55 71
f 54 61 88
f 88 61 60
f 54 88 67
f 86 70 69
f 86 69 87
f 87 69 68
f 80 72 73
f 73 72 82
f 73 82 83
f 78 79 74
f 78 74 75
f 75 74 84
f 75 84 85
f 86 87 59
f 49 102 50
f 50 102 103
f 50 103 9
f 48 100 49
f 49 100 101
f 49 101 102
f 102 101 106
f 102 106 107
f 107 106 112
f 107 112 9
f 100 48 99
f 99 48 89
f 99 89 96
f 96 89 90
f 96 90 116
f 116 90 91
f 116 91 97
f 97 91 92
f 97 92 126
f 126 92 117
f 126 117 118
f 118 117 128
f 118 128 129
f 129 128 133
f 129 133 134
f 134 133 137
f 134 137 136
f 136 137 11
f 136 11 10
f 92 93 117
f 117 93 127
f 117 127 128
f 128 127 95
f 128 95 132
f 132 95 98
f 132 98 139
f 139 98 140
f 139 140 12
f 12 140 13
f 13 140 98
f 13 98 95
f 93 94 127
f 127 94 95
f 139 12 138
f 138 12 11
f 138 11 137
f 10 9 136
f 136 9 135
f 135 9 131
f 131 9 121
f 121 9 122
f 122 9 111
f 111 9 112
f 107 9 103
f 100 99 104
f 104 99 96
f 104 96 115
f 115 96 116
f 115 116 108
f 108 116 97
f 108 97 125
f 125 97 126
f 125 126 118
f 101 100 105
f 105 100 104
f 105 104 114
f 114 104 115
f 114 115 109
f 109 115 108
f 109 108 124
f 124 108 125
f 124 125 119
f 119 125 118
f 119 118 129
f 107 103 102
f 101 105 106
f 106 105 113
f 106 113 112
f 112 113 111
f 113 105 114
f 113 114 110
f 110 114 109
f 110 109 123
f 123 109 124
f 123 124 120
f 120 124 119
f 120 119 130
f 130 119 129
f 130 129 134
f 122 111 110
f 110 111 113
f 122 110 123
f 122 123 121
f 121 123 120
f 121 120 131
f 131 120 130
f 131 130 135
f 135 130 134
f 135 134 136
f 128 132 133
f 133 132 138
f 133 138 137
f 138 132 139
f 5 4 155
f 155 4 3
f 155 3 154
f 154 3 153
f 154 153 158
f 158 153 157
f 158 157 165
f 165 157 166
f 165 166 162
f 162 166 161
f 162 161 175
f 175 161 176
f 175 176 172
f 172 176 171
f 172 171 182
f 182 171 181
f 182 181 186
f 186 181 185
f 186 185 189
f 189 185 190
f 189 190 43
f 43 190 191
f 43 191 44
f 44 191 192
f 44 192 150
f 150 192 191
f 150 191 184
f 184 191 190
f 184 190 185
f 3 2 153
f 153 2 152
f 153 152 157
f 157 152 156
f 157 156 166
f 166 156 167
f 166 167 161
f 161 167 160
f 161 160 176
f 176 160 177
f 176 177 171
f 171 177 170
f 171 170 181
f 181 170 180
f 181 180 185
f 185 180 184
f 2 1 152
f 152 1 151
f 152 151 156
f 156 151 148
f 156 148 167
f 167 148 168
f 167 168 160
f 160 168 149
f 160 149 177
f 177 149 178
f 177 178 170
f 170 178 169
f 170 169 180
f 180 169 179
f 180 179 147
f 147 179 146
f 146 179 145
f 145 179 169
f 145 169 144
f 144 169 178
f 144 178 149
f 1 141 151
f 151 141 148
f 141 142 148
f 148 142 168
f 142 143 168
f 168 143 149
f 143 144 149
f 44 150 147
f 147 150 184
f 147 184 180
f 43 42 189
f 189 42 188
f 189 188 186
f 186 188 187
f 186 187 182
f 182 187 183
f 182 183 172
f 172 183 173
f 172 173 175
f 175 173 174
f 175 174 162
f 162 174 163
f 162 163 165
f 165 163 164
f 165 164 158
f 158 164 159
f 158 159 154
f 154 159 155
f 42 5 188
f 188 5 187
f 187 5 183
f 183 5 173
f 173 5 174
f 174 5 163
f 163 5 164
f 164 5 159
f 159 5 155
f 9 8 51
f 51 8 52
f 52 8 53
f 53 8 7
f 53 7 6
f 6 5 53
f 194 47 193
f 193 47 46
f 193 46 45
f 194 195 47
f 47 195 48
f 48 195 196
f 48 196 197
f 48 197 89
f 89 197 198
f 89 198 90
f 90 198 199
f 90 199 91
f 91 199 200
f 91 200 92
f 92 200 201
f 92 201 202
f 92 202 93
f 93 202 203
f 93 203 94
f 94 203 204
f 94 204 95
f 95 204 205
f 95 205 13
f 13 205 206
f 13 206 207
f 13 207 14
f 14 207 208
f 14 208 209
f 210 16 209
f 209 16 15
f 209 15 14
f 210 211 16
f 16 211 1
f 1 211 212
f 1 212 213
f 1 213 141
f 141 213 214
f 141 214 142
f 142 214 215
f 142 215 143
f 143 215 216
f 143 216 144
f 144 216 217
f 144 217 218
f 144 218 145
f 145 218 219
f 145 219 146
f 146 219 220
f 146 220 147
f 147 220 221
f 147 221 44
f 44 221 222
f 44 222 223
f 44 223 45
f 45 223 224
f 45 224 193
f 225 226 228
f 228 226 227
f 226 229 227
f 227 229 230
f 227 230 232
f 232 230 231
f 231 233 232
f 232 233 234
f 233 235 234
f 234 235 228
f 228 235 236
f 228 236 225
f 227 232 228
f 228 232 234
f 252 225 251
f 251 225 236
f 251 236 250
f 250 236 235
f 250 235 249
f 249 235 233
f 249 233 243
f 243 233 238
f 243 238 242
f 242 238 239
f 242 239 241
f 241 239 240
f 233 231 238
f 238 231 237
f 237 231 230
f 237 230 229
f 229 226 237
f 249 243 248
f 248 243 244
f 248 244 247
f 247 244 246
f 246 244 245
f 245 252 254
f 254 252 253
f 252 251 253
f 253 251 250
f 253 250 255
f 255 250 249
f 249 248 255
f 255 248 256
f 248 247 256
f 256 247 254
f 254 247 246
f 254 246 245
f 253 255 254
f 254 255 256
f 257 258 266
f 266 258 265
f 265 258 259
f 265 259 264
f 264 259 260
f 264 260 263
f 263 260 262
f 262 260 261
f 261 267 262
f 262 267 272
f 272 267 268
f 272 268 271
f 271 268 269
f 271 269 270
f 269 273 270
f 270 273 276
f 276 273 274
f 276 274 275
f 274 277 275
f 275 277 284
f 284 277 278
f 284 278 283
f 283 278 279
f 283 279 282
f 282 279 280
f 282 280 281
f 280 285 281
f 281 285 288
f 288 285 286
f 288 286 287
f 286 289 287
f 287 289 292
f 292 289 290
f 292 290 291
f 290 293 291
f 291 293 294
f 293 295 294
f 294 295 298
f 298 295 296
f 298 296 297
f 296 299 297
f 297 299 302
f 302 299 300
f 302 300 301
f 300 303 301
f 301 303 306
f 306 303 304
f 306 304 305
f 304 307 305
f 305 307 310
f 310 307 308
f 310 308 309
f 308 311 309
f 309 311 312
f 311 257 312
f 312 257 266
f 312 266 309
f 309 266 310
f 310 266 265
f 310 265 264
f 264 263 310
f 310 263 262
f 310 262 305
f 305 262 272
f 305 272 271
f 305 271 306
f 306 271 270
f 306 270 301
f 301 270 276
f 301 276 302
f 302 276 297
f 297 276 287
f 297 287 298
f 298 287 292
f 298 292 294
f 294 292 291
f 287 276 288
f 288 276 275
f 288 275 284
f 284 283 288
f 288 283 282
f 288 282 281
f 313 314 318
f 318 314 317
f 317 314 315
f 317 315 316
f 315 319 316
f 316 319 320
f 319 321 320
f 320 321 322
f 321 323 322
f 322 323 324
f 323 325 324
f 324 325 326
f 325 327 326
f 326 327 332
f 332 327 328
f 332 328 331
f 331 328 329
f 331 329 330
f 329 333 330
f 330 333 338
f 338 333 334
f 338 334 337
f 337 334 335
f 337 335 336
f 335 339 336
f 336 339 346
f 346 339 340
f 346 340 345
f 345 340 341
f 345 341 344
f 344 341 342
f 344 342 343
f 342 347 343
f 343 347 348
f 347 349 348
f 348 349 352
f 352 349 350
f 352 350 351
f 350 353 351
f 351 353 358
f 358 353 354
f 358 354 357
f 357 354 355
f 357 355 356
f 355 359 356
f 356 359 362
f 362 359 360
f 362 360 361
f 360 363 361
f 361 363 370
f 370 363 364
f 370 364 369
f 369 364 365
f 369 365 368
f 368 365 366
f 368 366 367
f 366 371 367
f 367 371 374
f 374 371 372
f 374 372 373
f 372 375 373
f 373 375 380
f 380 375 376
f 380 376 379
f 379 376 377
f 379 377 378
f 377 381 378
f 378 381 382
f 381 383 382
f 382 383 386
f 386 383 384
f 386 384 385
f 384 387 385
f 385 387 394
f 394 387 388
f 394 388 393
f 393 388 389
f 393 389 392
f 392 389 390
f 392 390 391
f 390 313 391
f 391 313 318
f 392 391 331
f 331 391 318
f 331 318 317
f 331 317 332
f 332 317 316
f 332 316 320
f 320 322 332
f 332 322 326
f 326 322 324
f 392 331 393
f 393 331 330
f 393 330 394
f 394 330 385
f 385 330 338
f 385 338 386
f 386 338 373
f 386 373 380
f 373 338 374
f 374 338 337
f 374 337 367
f 367 337 336
f 367 336 368
f 368 336 346
f 368 346 357
f 357 346 358
f 358 346 345
f 358 345 351
f 351 345 344
f 351 344 352
f 352 344 348
f 348 344 343
f 357 356 368
f 368 356 369
f 369 356 362
f 369 362 370
f 370 362 361
f 380 379 386
f 386 379 378
f 386 378 382
f 395 396 398
f 398 396 397
f 396 399 397
f 397 399 414
f 414 399 400
f 414 400 413
f 413 400 401
f 413 401 412
f 412 401 402
f 412 402 411
f 411 402 403
f 411 403 410
f 410 403 404
f 410 404 409
f 409 404 405
f 409 405 408
f 408 405 406
f 408 406 407
f 406 415 407
f 407 415 416
f 415 417 416
f 416 417 431
f 431 417 418
f 431 418 430
f 430 418 419
f 430 419 429
f 429 419 420
f 429 420 428
f 428 420 421
f 428 421 427
f 427 421 422
f 427 422 426
f 426 422 423
f 426 423 425
f 425 423 424
f 425 424 398
f 398 424 395
f 431 409 416
f 416 409 408
f 416 408 407
f 409 431 410
f 410 431 430
f 410 430 411
f 411 430 429
f 411 429 428
f 411 428 412
f 412 428 427
f 412 427 413
f 413 427 426
f 413 426 414
f 414 426 425
f 414 425 397
f 397 425 398
f 415 406 432
f 434 406 433
f 433 406 405
f 433 405 450
f 450 405 404
f 450 404 449
f 449 404 403
f 449 403 448
f 448 403 402
f 448 402 447
f 447 402 401
f 447 401 446
f 446 401 400
f 446 400 453
f 453 400 399
f 453 399 452
f 452 399 451
f 451 399 396
f 406 434 480
f 480 434 435
f 480 435 436
f 480 436 479
f 479 436 437
f 479 437 478
f 478 437 438
f 478 438 477
f 477 438 439
f 477 439 476
f 476 439 440
f 476 440 475
f 475 440 441
f 475 441 474
f 474 441 442
f 474 442 473
f 473 442 443
f 473 443 472
f 472 443 471
f 471 443 470
f 470 443 469
f 469 443 468
f 468 443 444
f 468 444 467
f 467 444 466
f 466 444 465
f 465 444 445
f 465 445 464
f 464 445 454
f 464 454 463
f 463 454 455
f 463 455 462
f 462 455 456
f 462 456 461
f 461 456 457
f 461 457 460
f 460 457 458
f 460 458 459
f 445 446 454
f 454 446 453
f 396 395 481
f 395 424 492
f 492 424 491
f 491 424 423
f 491 423 510
f 510 423 509
f 509 423 508
f 508 423 422
f 508 422 507
f 507 422 506
f 506 422 421
f 506 421 505
f 505 421 420
f 505 420 504
f 504 420 419
f 504 419 503
f 503 419 418
f 503 418 502
f 502 418 417
f 502 417 415
f 502 415 501
f 501 415 482
f 501 482 500
f 500 482 483
f 500 483 499
f 499 483 484
f 499 484 498
f 498 484 485
f 498 485 497
f 497 485 486
f 497 486 496
f 496 486 495
f 495 486 487
f 495 487 494
f 494 487 488
f 494 488 493
f 493 488 489
f 493 489 513
f 513 489 490
f 513 490 512
f 512 490 491
f 512 491 511
f 511 491 510
f 443 442 524
f 524 442 523
f 523 442 441
f 523 441 522
f 522 441 440
f 522 440 521
f 521 440 439
f 521 439 520
f 520 439 438
f 520 438 519
f 519 438 437
f 519 437 518
f 518 437 436
f 518 436 517
f 517 436 435
f 517 435 516
f 516 435 434
f 516 434 515
f 515 434 433
f 515 433 514
f 433 450 514
f 514 450 528
f 528 450 449
f 528 449 527
f 527 449 448
f 527 448 526
f 526 448 447
f 526 447 525
f 447 446 525
f 525 446 531
f 531 446 445
f 531 445 530
f 530 445 444
f 530 444 529
f 529 444 443
f 529 443 524
f 525 531 526
f 526 531 530
f 526 530 527
f 527 530 529
f 527 529 522
f 522 529 523
f 523 529 524
f 522 521 527
f 527 521 517
f 527 517 516
f 521 520 517
f 517 520 519
f 517 519 518
f 527 516 528
f 528 516 515
f 528 515 514
f 502 501 541
f 541 501 540
f 540 501 500
f 540 500 539
f 539 500 499
f 539 499 538
f 538 499 498
f 538 498 537
f 537 498 497
f 537 497 536
f 536 497 496
f 536 496 535
f 535 496 495
f 535 495 534
f 534 495 494
f 534 494 533
f 533 494 493
f 533 493 532
f 493 513 532
f 532 513 549
f 549 513 512
f 549 512 548
f 548 512 511
f 548 511 547
f 547 511 510
f 547 510 546
f 546 510 509
f 546 509 545
f 545 509 508
f 545 508 544
f 544 508 507
f 544 507 543
f 543 507 506
f 543 506 542
f 506 505 542
f 542 505 552
f 552 505 504
f 552 504 551
f 551 504 503
f 551 503 550
f 550 503 502
f 550 502 541
f 542 552 543
f 543 552 544
f 544 552 545
f 545 552 546
f 546 552 536
f 546 536 535
f 536 552 537
f 537 552 551
f 537 551 538
f 538 551 539
f 539 551 550
f 539 550 540
f 540 550 541
f 546 535 547
f 547 535 534
f 547 534 548
f 548 534 533
f 548 533 549
f 549 533 532
f 489 553 490
f 490 553 554
f 490 554 491
f 491 554 555
f 491 555 492
f 492 555 556
f 492 556 398
f 398 556 557
f 398 557 395
f 395 557 397
f 395 397 481
f 481 397 396
f 557 558 397
f 397 558 451
f 397 451 396
f 451 558 452
f 452 558 559
f 452 559 453
f 453 559 454
f 454 559 560
f 454 560 455
f 455 560 561
f 455 561 562
f 455 562 456
f 456 562 563
f 456 563 457
f 457 563 564
f 457 564 458
f 458 564 565
f 458 565 459
f 459 565 566
f 459 566 460
f 460 566 567
f 460 567 461
f 461 567 568
f 461 568 462
f 462 568 463
f 463 568 569
f 463 569 570
f 463 570 464
f 464 570 571
f 464 571 465
f 465 571 466
f 466 571 572
f 466 572 467
f 467 572 573
f 467 573 468
f 468 573 574
f 468 574 575
f 576 470 575
f 575 470 469
f 575 469 468
f 470 576 471
f 471 576 577
f 471 577 472
f 472 577 473
f 473 577 578
f 473 578 474
f 474 578 579
f 474 579 475
f 475 579 580
f 475 580 476
f 476 580 581
f 476 581 477
f 477 581 582
f 477 582 478
f 478 582 583
f 478 583 479
f 479 583 584
f 479 584 480
f 480 584 585
f 480 585 406
f 406 585 407
f 407 585 586
f 407 586 416
f 416 586 415
f 415 586 587
f 415 587 482
f 482 587 588
f 482 588 483
f 483 588 589
f 483 589 484
f 484 589 590
f 484 590 485
f 485 590 591
f 485 591 486
f 486 591 592
f 486 592 487
f 487 592 488
f 488 592 593
f 415 432 416
f 416 432 407
f 432 406 407
f 398 395 492
f 593 553 488
f 488 553 489
f 594 595 605
f 605 595 602
f 605 602 604
f 604 602 603
f 595 596 602
f 602 596 601
f 601 596 598
f 601 598 599
f 596 597 598
f 599 600 601
f 614 603 618
f 618 603 602
f 618 602 617
f 617 602 601
f 617 601 616
f 616 601 615
f 616 615 625
f 625 615 626
f 625 626 620
f 620 626 619
f 620 619 628
f 628 619 627
f 628 627 632
f 632 627 631
f 632 631 610
f 601 600 615
f 615 600 606
f 615 606 626
f 626 606 619
f 606 607 619
f 619 607 627
f 607 608 627
f 627 608 631
f 608 609 631
f 631 609 610
f 612 630 611
f 611 630 634
f 611 634 610
f 630 612 622
f 622 612 613
f 622 613 623
f 623 613 614
f 623 614 618
f 632 610 633
f 633 610 634
f 623 618 617
f 617 616 624
f 624 616 625
f 624 625 621
f 621 625 620
f 621 620 629
f 629 620 628
f 629 628 633
f 633 628 632
f 621 622 624
f 624 622 623
f 624 623 617
f 622 621 630
f 630 621 629
f 630 629 634
f 634 629 633
f 635 636 646
f 646 636 643
f 646 643 645
f 645 643 644
f 636 637 643
f 643 637 642
f 642 637 639
f 642 639 640
f 637 638 639
f 640 641 642
f 655 644 659
f 659 644 643
f 659 643 658
f 658 643 642
f 658 642 657
f 657 642 656
f 657 656 666
f 666 656 667
f 666 667 661
f 661 667 660
f 661 660 669
f 669 660 668
f 669 668 673
f 673 668 672
f 673 672 651
f 642 641 656
f 656 641 647
f 656 647 667
f 667 647 660
f 647 648 660
f 660 648 668
f 648 649 668
f 668 649 672
f 649 650 672
f 672 650 651
f 653 671 652
f 652 671 675
f 652 675 651
f 671 653 663
f 663 653 654
f 663 654 664
f 664 654 655
f 664 655 659
f 673 651 674
f 674 651 675
f 664 659 658
f 658 657 665
f 665 657 666
f 665 666 662
f 662 666 661
f 662 661 670
f 670 661 669
f 670 669 674
f 674 669 673
f 662 663 665
f 665 663 664
f 665 664 658
f 663 662 671
f 671 662 670
f 671 670 675
f 675 670 674
f 651 650 685
f 685 650 649
f 685 649 687
f 687 649 648
f 687 648 686
f 686 648 647
f 686 647 676
f 676 647 641
f 676 677 686
f 686 677 680
f 686 680 681
f 678 679 677
f 677 679 680
f 686 681 687
f 687 681 682
f 687 682 684
f 684 682 683
f 684 685 687
f 678 688 679
f 679 688 680
f 680 688 701
f 680 701 681
f 681 701 702
f 681 702 682
f 682 702 700
f 682 700 683
f 688 689 701
f 701 689 691
f 701 691 692
f 689 690 691
f 692 693 701
f 701 693 702
f 693 694 702
f 702 694 695
f 702 695 699
f 699 695 698
f 698 695 696
f 698 696 697
f 699 700 702
f 651 610 652
f 652 610 609
f 652 609 653
f 653 609 608
f 653 608 654
f 654 608 607
f 654 607 655
f 655 607 606
f 655 606 644
f 644 606 600
f 644 600 645
f 645 600 599
f 645 599 646
f 646 599 598
f 646 598 635
f 635 598 597
f 603 614 713
f 713 614 715
f 713 715 712
f 712 715 711
f 711 715 710
f 710 715 714
f 710 714 704
f 704 714 703
f 703 714 612
f 703 612 611
f 614 613 715
f 715 613 714
f 613 612 714
f 611 610 703
f 705 706 704
f 704 706 707
f 704 707 708
f 708 709 704
f 704 709 710
f 592 774 593
f 593 774 775
f 593 775 728
f 728 775 776
f 728 776 777
f 774 592 773
f 773 592 591
f 773 591 772
f 772 591 590
f 772 590 589
f 772 589 771
f 771 589 588
f 771 588 587
f 771 587 770
f 770 587 586
f 770 586 769
f 769 586 585
f 769 585 768
f 768 585 584
f 768 584 767
f 767 584 583
f 767 583 766
f 766 583 582
f 766 582 581
f 766 581 765
f 765 581 580
f 765 580 579
f 765 579 764
f 764 579 578
f 764 578 763
f 763 578 577
f 763 577 576
f 763 576 758
f 758 576 575
f 758 575 757
f 757 575 574
f 757 574 743
f 743 574 573
f 743 573 572
f 571 741 572
f 572 741 742
f 572 742 743
f 741 571 740
f 740 571 570
f 740 570 739
f 739 570 569
f 739 569 568
f 739 568 738
f 738 568 567
f 738 567 566
f 738 566 737
f 737 566 565
f 737 565 564
f 564 563 737
f 737 563 562
f 737 562 561
f 737 561 736
f 736 561 560
f 736 560 559
f 559 558 736
f 736 558 557
f 736 557 735
f 735 557 556
f 735 556 555
f 555 554 735
f 735 554 734
f 734 554 553
f 734 553 733
f 733 553 732
f 732 553 593
f 732 593 731
f 731 593 730
f 730 593 729
f 729 593 728
f 717 690 716
f 716 690 723
f 716 723 795
f 795 723 794
f 794 723 793
f 793 723 792
f 792 723 791
f 791 723 724
f 791 724 790
f 790 724 784
f 790 784 785
f 717 718 690
f 690 718 719
f 690 719 722
f 722 719 720
f 722 720 721
f 690 689 723
f 723 689 688
f 723 688 678
f 723 678 638
f 638 678 677
f 638 677 676
f 641 640 676
f 676 640 639
f 676 639 638
f 784 724 783
f 783 724 725
f 783 725 782
f 782 725 781
f 781 725 726
f 781 726 780
f 780 726 779
f 779 726 778
f 778 726 727
f 778 727 777
f 777 727 728
f 757 743 756
f 756 743 744
f 756 744 755
f 755 744 745
f 755 745 754
f 754 745 746
f 754 746 753
f 753 746 752
f 752 746 747
f 752 747 751
f 751 747 750
f 750 747 748
f 750 748 749
f 758 759 763
f 763 759 762
f 762 759 761
f 761 759 760
f 785 786 790
f 790 786 787
f 790 787 788
f 788 789 790
f 638 637 723
f 723 637 812
f 723 812 724
f 724 812 814
f 724 814 725
f 725 814 816
f 725 816 726
f 726 816 818
f 726 818 727
f 727 818 820
f 727 820 728
f 728 820 822
f 728 822 729
f 729 822 824
f 729 824 730
f 730 824 826
f 730 826 731
f 731 826 828
f 731 828 732
f 732 828 830
f 732 830 733
f 733 830 832
f 733 832 810
f 810 832 809
f 809 832 831
f 809 831 806
f 806 831 805
f 805 831 829
f 805 829 804
f 804 829 827
f 804 827 803
f 803 827 825
f 803 825 802
f 802 825 823
f 802 823 801
f 801 823 821
f 801 821 800
f 800 821 819
f 800 819 799
f 799 819 817
f 799 817 798
f 798 817 815
f 798 815 797
f 797 815 813
f 797 813 796
f 796 813 811
f 796 811 635
f 635 811 636
f 636 811 812
f 636 812 637
f 807 808 806
f 806 808 809
f 810 734 733
f 814 812 811
f 814 811 813
f 816 814 813
f 816 813 815
f 818 816 815
f 818 815 817
f 820 818 817
f 820 817 819
f 822 820 819
f 822 819 821
f 824 822 821
f 824 821 823
f 826 824 823
f 826 823 825
f 828 826 825
f 828 825 827
f 830 828 827
f 830 827 829
f 832 830 829
f 832 829 831
f 635 597 796
f 796 597 833
f 796 833 797
f 797 833 834
f 797 834 798
f 798 834 835
f 798 835 799
f 799 835 836
f 799 836 800
f 800 836 837
f 800 837 801
f 801 837 838
f 801 838 802
f 802 838 839
f 802 839 803
f 803 839 840
f 803 840 804
f 804 840 841
f 804 841 805
f 805 841 842
f 805 842 806
f 806 842 843
f 806 843 807
f 807 843 844
f 833 597 861
f 861 597 596
f 861 596 860
f 860 596 595
f 860 595 845
f 845 595 594
f 845 846 860
f 860 846 862
f 860 862 861
f 861 862 863
f 861 863 833
f 833 863 834
f 834 863 865
f 834 865 835
f 835 865 867
f 835 867 836
f 836 867 869
f 836 869 837
f 837 869 838
f 838 869 871
f 838 871 839
f 839 871 873
f 839 873 840
f 840 873 875
f 840 875 841
f 841 875 877
f 841 877 842
f 842 877 879
f 842 879 843
f 843 879 881
f 843 881 844
f 844 881 859
f 859 881 880
f 859 880 858
f 858 880 857
f 857 880 855
f 857 855 856
f 846 847 862
f 862 847 864
f 862 864 863
f 863 864 865
f 847 848 864
f 864 848 866
f 864 866 865
f 865 866 867
f 848 849 866
f 866 849 868
f 866 868 867
f 867 868 869
f 849 850 868
f 868 850 870
f 868 870 871
f 871 870 873
f 850 851 870
f 870 851 872
f 870 872 873
f 873 872 875
f 851 852 872
f 872 852 874
f 872 874 875
f 875 874 877
f 852 853 874
f 874 853 876
f 874 876 877
f 877 876 879
f 853 854 876
f 876 854 878
f 876 878 879
f 879 878 881
f 854 855 878
f 878 855 880
f 878 880 881
f 871 869 868
f 260 375 261
f 261 375 372
f 261 372 267
f 267 372 268
f 268 372 371
f 268 371 269
f 269 371 366
f 269 366 273
f 273 366 365
f 273 365 364
f 260 259 375
f 375 259 376
f 376 259 258
f 376 258 377
f 377 258 257
f 377 257 381
f 381 257 311
f 381 311 913
f 913 311 308
f 913 308 307
f 913 307 912
f 912 307 304
f 912 304 911
f 911 304 303
f 911 303 300
f 911 300 910
f 910 300 299
f 910 299 296
f 296 295 910
f 910 295 909
f 909 295 293
f 909 293 908
f 908 293 850
f 908 850 907
f 907 850 906
f 906 850 849
f 906 849 905
f 905 849 848
f 905 848 904
f 904 848 903
f 903 848 902
f 902 848 847
f 902 847 901
f 901 847 900
f 900 847 846
f 900 846 899
f 899 846 893
f 899 893 898
f 898 893 897
f 897 893 896
f 896 893 895
f 895 893 894
f 290 854 293
f 293 854 853
f 293 853 852
f 289 856 290
f 290 856 855
f 290 855 854
f 856 289 948
f 948 289 286
f 948 286 285
f 285 280 948
f 948 280 947
f 947 280 360
f 947 360 359
f 280 279 360
f 360 279 278
f 360 278 277
f 360 277 363
f 363 277 274
f 363 274 364
f 364 274 273
f 314 919 315
f 315 919 920
f 315 920 319
f 319 920 321
f 321 920 323
f 323 920 325
f 325 920 925
f 325 925 926
f 919 314 918
f 918 314 313
f 918 313 390
f 918 390 917
f 917 390 389
f 917 389 388
f 917 388 916
f 916 388 387
f 916 387 384
f 916 384 915
f 915 384 383
f 915 383 914
f 914 383 381
f 914 381 913
f 359 355 947
f 947 355 354
f 947 354 353
f 947 353 946
f 946 353 350
f 946 350 349
f 349 347 946
f 946 347 342
f 946 342 945
f 945 342 341
f 945 341 340
f 945 340 944
f 944 340 339
f 944 339 335
f 944 335 943
f 943 335 334
f 943 334 942
f 942 334 333
f 942 333 941
f 941 333 329
f 941 329 940
f 940 329 328
f 940 328 327
f 940 327 926
f 926 327 325
f 605 713 594
f 594 713 712
f 594 712 711
f 605 604 713
f 713 604 603
f 882 883 711
f 711 883 845
f 711 845 594
f 883 884 845
f 845 884 885
f 845 885 886
f 886 887 845
f 845 887 888
f 845 888 889
f 889 890 845
f 845 890 891
f 845 891 892
f 845 892 846
f 846 892 893
f 925 920 924
f 924 920 921
f 924 921 922
f 922 923 924
f 926 927 940
f 940 927 939
f 939 927 928
f 939 928 938
f 938 928 929
f 938 929 937
f 937 929 930
f 937 930 931
f 937 931 936
f 936 931 932
f 936 932 933
f 934 935 933
f 933 935 936
f 852 851 293
f 293 851 850
f 949 950 958
f 958 950 960
f 958 960 957
f 957 960 953
f 957 953 956
f 956 953 954
f 956 954 955
f 950 951 960
f 960 951 959
f 960 959 952
f 952 959 902
f 902 959 903
f 903 959 904
f 904 959 951
f 904 951 905
f 952 953 960
f 967 961 966
f 966 961 962
f 966 962 965
f 965 962 963
f 965 963 964
f 964 963 949
f 963 962 949
f 949 962 961
f 949 961 950
f 950 961 968
f 950 968 951
f 951 968 969
f 951 969 905
f 778 970 779
f 779 970 980
f 779 980 780
f 780 980 781
f 781 980 978
f 978 980 979
f 978 979 973
f 973 979 972
f 972 979 971
f 972 971 964
f 970 971 980
f 980 971 979
f 974 975 973
f 973 975 976
f 973 976 977
f 977 978 973
f 964 971 965
f 965 971 966
f 966 971 982
f 966 982 967
f 971 970 982
f 982 970 981
f 981 970 778
f 905 969 906
f 906 969 991
f 906 991 907
f 907 991 993
f 907 993 908
f 908 993 995
f 908 995 988
f 988 995 987
f 987 995 994
f 987 994 986
f 986 994 985
f 986 985 244
f 969 968 991
f 991 968 990
f 991 990 993
f 993 990 992
f 993 992 995
f 995 992 994
f 961 983 968
f 968 983 990
f 983 984 990
f 990 984 992
f 984 985 992
f 992 985 994
f 988 989 908
f 908 989 909
f 961 967 983
f 983 967 996
f 983 996 984
f 984 996 997
f 984 997 985
f 985 997 998
f 985 998 225
f 225 998 226
f 226 998 237
f 225 252 985
f 985 252 245
f 985 245 244
f 967 982 996
f 996 982 1004
f 996 1004 997
f 997 1004 1006
f 997 1006 998
f 998 1006 1008
f 998 1008 1002
f 1002 1008 1001
f 1001 1008 1007
f 1001 1007 1000
f 1000 1007 775
f 1000 775 999
f 999 775 774
f 982 981 1004
f 1004 981 1003
f 1004 1003 1006
f 1006 1003 1005
f 1006 1005 1008
f 1008 1005 1007
f 981 778 1003
f 1003 778 777
f 1003 777 1005
f 1005 777 776
f 1005 776 1007
f 1007 776 775
f 1002 237 998
f 1015 748 1020
f 1020 748 1009
f 1020 1009 1019
f 1019 1009 1018
f 1019 1018 1014
f 1014 1018 1013
f 1013 1018 1017
f 1013 1017 1016
f 1016 1017 1010
f 1016 1010 1011
f 1009 1010 1018
f 1018 1010 1017
f 1011 1012 1016
f 1016 1012 1013
f 1019 1014 1020
f 1020 1014 1015
f 1028 1015 1032
f 1032 1015 1014
f 1032 1014 1031
f 1031 1014 1013
f 1031 1013 1030
f 1030 1013 1029
f 1030 1029 1034
f 1034 1029 1033
f 1034 1033 1038
f 1038 1033 1037
f 1038 1037 1042
f 1042 1037 1041
f 1042 1041 1024
f 1013 1012 1029
f 1029 1012 1021
f 1029 1021 1033
f 1033 1021 1022
f 1033 1022 1037
f 1037 1022 1023
f 1037 1023 1041
f 1041 1023 1024
f 1026 1040 1025
f 1025 1040 1044
f 1025 1044 1024
f 1040 1026 1036
f 1036 1026 1027
f 1036 1027 1032
f 1032 1027 1028
f 1042 1024 1043
f 1043 1024 1044
f 1036 1032 1031
f 1031 1030 1035
f 1035 1030 1034
f 1035 1034 1039
f 1039 1034 1038
f 1039 1038 1043
f 1043 1038 1042
f 1040 1036 1035
f 1035 1036 1031
f 1040 1035 1039
f 1044 1040 1039
f 1044 1039 1043
f 1051 1045 1056
f 1056 1045 1046
f 1056 1046 1055
f 1055 1046 1054
f 1055 1054 1050
f 1050 1054 1049
f 1049 1054 1053
f 1049 1053 1052
f 1052 1053 1047
f 1052 1047 935
f 1046 1047 1054
f 1054 1047 1053
f 935 1048 1052
f 1052 1048 1049
f 1055 1050 1056
f 1056 1050 1051
f 1064 1051 1068
f 1068 1051 1050
f 1068 1050 1067
f 1067 1050 1049
f 1067 1049 1066
f 1066 1049 1065
f 1066 1065 1070
f 1070 1065 1069
f 1070 1069 1074
f 1074 1069 1073
f 1074 1073 1078
f 1078 1073 1077
f 1078 1077 1061
f 1049 1048 1065
f 1065 1048 1057
f 1065 1057 1069
f 1069 1057 1058
f 1069 1058 1073
f 1073 1058 1059
f 1073 1059 1077
f 1077 1059 1060
f 1077 1060 1061
f 1063 1076 1062
f 1062 1076 1080
f 1062 1080 1061
f 1076 1063 1072
f 1072 1063 1064
f 1072 1064 1068
f 1078 1061 1079
f 1079 1061 1080
f 1072 1068 1067
f 1067 1066 1071
f 1071 1066 1070
f 1071 1070 1075
f 1075 1070 1074
f 1075 1074 1079
f 1079 1074 1078
f 1076 1072 1071
f 1071 1072 1067
f 1076 1071 1075
f 1080 1076 1075
f 1080 1075 1079
f 1061 1060 1086
f 1086 1060 1088
f 1086 1088 1090
f 1090 1088 1087
f 1090 1087 1089
f 1089 1087 934
f 1089 934 933
f 1060 1059 1088
f 1088 1059 1058
f 1088 1058 1087
f 1087 1058 1057
f 1087 1057 1048
f 935 934 1048
f 1048 934 1087
f 1089 933 1091
f 1091 933 932
f 1091 932 1081
f 1081 932 931
f 1081 1082 1091
f 1091 1082 1092
f 1091 1092 1089
f 1089 1092 1090
f 1083 1084 1082
f 1082 1084 1092
f 1084 1085 1092
f 1092 1085 1090
f 1085 1086 1090
f 1024 1023 1061
f 1061 1023 1062
f 1062 1023 1063
f 1063 1023 1022
f 1063 1022 1021
f 1063 1021 1064
f 1064 1021 1012
f 1064 1012 1051
f 748 1015 749
f 749 1015 1100
f 749 1100 750
f 750 1100 1102
f 750 1102 751
f 751 1102 1104
f 751 1104 752
f 752 1104 1098
f 1098 1104 1103
f 1098 1103 1097
f 1097 1103 1095
f 1097 1095 1096
f 1015 1028 1100
f 1100 1028 1099
f 1100 1099 1102
f 1102 1099 1101
f 1102 1101 1104
f 1104 1101 1103
f 1027 1026 1028
f 1028 1026 1099
f 1026 1025 1099
f 1099 1025 1093
f 1099 1093 1101
f 1101 1093 1094
f 1101 1094 1103
f 1103 1094 1095
f 1025 1024 1093
f 1110 1105 1109
f 1109 1105 1106
f 1109 1106 1108
f 1108 1106 1107
f 1108 1107 1083
f 1083 1107 1096
f 1096 1107 1097
f 1097 1107 1111
f 1097 1111 1112
f 1107 1106 1111
f 1111 1106 1105
f 752 1098 1112
f 1112 1098 1097
f 1083 1082 1108
f 1108 1082 1114
f 1108 1114 1110
f 1082 1081 1114
f 1114 1081 1113
f 1113 1081 931
f 1110 1109 1108
f 1128 1011 1130
f 1130 1011 1010
f 1130 1010 1129
f 1129 1010 1009
f 1129 1009 747
f 747 1009 748
f 747 746 1129
f 1129 746 1131
f 1129 1131 1130
f 1130 1131 1132
f 1130 1132 1128
f 1128 1132 1127
f 1127 1132 1134
f 1127 1134 1126
f 1126 1134 1136
f 1126 1136 1125
f 1125 1136 1138
f 1125 1138 1124
f 1124 1138 1140
f 1124 1140 1123
f 1123 1140 1142
f 1123 1142 1122
f 1122 1142 1144
f 1122 1144 1121
f 1121 1144 1120
f 1120 1144 1146
f 1120 1146 1119
f 1119 1146 1148
f 1119 1148 1118
f 1118 1148 1117
f 1117 1148 1147
f 1117 1147 1116
f 1116 1147 1115
f 1115 1147 738
f 1115 738 737
f 746 745 1131
f 1131 745 1133
f 1131 1133 1132
f 1132 1133 1134
f 745 744 1133
f 1133 744 1135
f 1133 1135 1134
f 1134 1135 1136
f 744 743 1135
f 1135 743 1137
f 1135 1137 1136
f 1136 1137 1138
f 743 742 1137
f 1137 742 1139
f 1137 1139 1138
f 1138 1139 1140
f 742 741 1139
f 1139 741 1141
f 1139 1141 1140
f 1140 1141 1142
f 741 740 1141
f 1141 740 1143
f 1141 1143 1142
f 1142 1143 1144
f 740 739 1143
f 1143 739 1145
f 1143 1145 1146
f 1146 1145 1148
f 739 738 1145
f 1145 738 1147
f 1145 1147 1148
f 1146 1144 1143
f 752 1112 753
f 753 1112 1157
f 753 1157 754
f 754 1157 1159
f 754 1159 755
f 755 1159 1161
f 755 1161 1154
f 1154 1161 1153
f 1153 1161 1160
f 1153 1160 1152
f 1152 1160 1151
f 1151 1160 1150
f 1150 1160 1158
f 1150 1158 1149
f 1149 1158 1156
f 1149 1156 1105
f 1105 1156 1111
f 1111 1156 1157
f 1111 1157 1112
f 1154 1155 755
f 755 1155 756
f 1159 1157 1156
f 1161 1159 1158
f 1158 1159 1156
f 1160 1161 1158
f 1105 1110 1149
f 1149 1110 1162
f 1149 1162 1150
f 1150 1162 1163
f 1150 1163 1151
f 1151 1163 1164
f 1024 1061 1093
f 1093 1061 1086
f 1093 1086 1094
f 1094 1086 1085
f 1094 1085 1095
f 1095 1085 1084
f 1095 1084 1096
f 1096 1084 1083
f 1152 1151 1171
f 1171 1151 1165
f 1171 1165 1173
f 1173 1165 1166
f 1173 1166 1175
f 1175 1166 1167
f 1175 1167 1169
f 1169 1167 1168
f 1169 1170 1175
f 1175 1170 1176
f 1175 1176 1173
f 1173 1176 1174
f 1173 1174 1171
f 1171 1174 1172
f 1171 1172 1153
f 1153 1172 1154
f 1154 1172 757
f 1154 757 1155
f 1155 757 756
f 1170 760 1176
f 1176 760 759
f 1176 759 1174
f 1174 759 758
f 1174 758 1172
f 1172 758 757
f 1153 1152 1171
f 1168 1177 1183
f 1183 1177 1178
f 1183 1178 1179
f 1180 1181 1179
f 1179 1181 1182
f 1179 1182 1183
f 1169 1168 1186
f 1186 1168 1183
f 1186 1183 1182
f 1181 1184 1182
f 1182 1184 1186
f 1186 1184 1187
f 1187 1184 1185
f 1187 1185 1170
f 1170 1185 760
f 1170 1169 1187
f 1187 1169 1186
f 1162 1110 1193
f 1193 1110 1114
f 1193 1114 1113
f 1193 1113 1192
f 1192 1113 931
f 1192 931 930
f 1192 930 1194
f 1194 930 929
f 1194 929 1196
f 1196 929 928
f 1196 928 1189
f 1189 928 1188
f 1188 928 927
f 1189 1190 1196
f 1196 1190 1197
f 1196 1197 1194
f 1194 1197 1195
f 1194 1195 1192
f 1192 1195 1193
f 1190 1191 1197
f 1197 1191 1164
f 1197 1164 1163
f 1197 1163 1195
f 1195 1163 1162
f 1195 1162 1193
f 927 926 1188
f 1188 926 1189
f 1189 926 1203
f 1189 1203 1190
f 1190 1203 1204
f 1190 1204 1191
f 1191 1204 1164
f 1164 1204 1202
f 1202 1204 1206
f 1202 1206 1201
f 1201 1206 1208
f 1201 1208 1200
f 1200 1208 1199
f 1200 1199 1177
f 1203 926 1205
f 1205 926 925
f 1205 925 1207
f 1207 925 924
f 1207 924 1198
f 1198 924 923
f 1198 1199 1207
f 1207 1199 1208
f 1207 1208 1205
f 1205 1208 1206
f 1205 1206 1203
f 1203 1206 1204
f 1178 1177 1212
f 1212 1177 1199
f 1212 1199 1211
f 1211 1199 1198
f 1211 1198 1209
f 1209 1198 923
f 1209 1210 1211
f 1211 1210 1212
f 1180 1179 1210
f 1210 1179 1212
f 1179 1178 1212
f 760 1185 761
f 761 1185 1218
f 761 1218 762
f 762 1218 1219
f 762 1219 763
f 1218 1185 1217
f 1217 1185 1184
f 1217 1184 1216
f 1216 1184 1213
f 1216 1213 1214
f 1184 1181 1213
f 1214 1215 1216
f 1181 1180 1213
f 1213 1180 1220
f 1213 1220 1214
f 1214 1220 1221
f 1214 1221 1215
f 1215 1221 1222
f 1180 1210 1220
f 1220 1210 1226
f 1220 1226 1221
f 1221 1226 1222
f 1226 1210 1225
f 1225 1210 1209
f 1225 1209 1224
f 1224 1209 922
f 1224 922 921
f 1209 923 922
f 920 1223 921
f 921 1223 1224
f 1227 1228 1238
f 1238 1228 1240
f 1238 1240 1242
f 1242 1240 1241
f 1242 1241 1243
f 1243 1241 914
f 1243 914 913
f 1228 1229 1240
f 1240 1229 1239
f 1240 1239 1241
f 1241 1239 915
f 1241 915 914
f 1229 1230 1239
f 1239 1230 916
f 1239 916 915
f 1230 917 916
f 1243 913 1245
f 1245 913 912
f 1245 912 1233
f 1233 912 1231
f 1233 1231 1232
f 1245 1233 1246
f 1246 1233 1234
f 1246 1234 1235
f 1235 1234 241
f 1235 1236 1246
f 1246 1236 1244
f 1246 1244 1245
f 1245 1244 1243
f 1236 1237 1244
f 1244 1237 1242
f 1244 1242 1243
f 1237 1238 1242
f 912 911 1231
f 1231 911 1232
f 1232 911 1247
f 1232 1247 1233
f 1233 1247 1248
f 1233 1248 1234
f 1234 1248 242
f 1234 242 241
f 1247 911 1249
f 1249 911 910
f 1249 910 988
f 988 910 989
f 989 910 909
f 988 987 1249
f 1249 987 1250
f 1249 1250 1247
f 1247 1250 1248
f 987 986 1250
f 1250 986 243
f 1250 243 1248
f 1248 243 242
f 986 244 243
f 920 919 1223
f 1223 919 1224
f 1224 919 1253
f 1224 1253 1225
f 1225 1253 1254
f 1225 1254 1226
f 1226 1254 1252
f 1226 1252 1222
f 919 918 1253
f 1253 918 1230
f 1253 1230 1229
f 918 917 1230
f 1253 1229 1254
f 1254 1229 1228
f 1254 1228 1251
f 1251 1228 1227
f 1251 1252 1254
f 1177 1168 1200
f 1200 1168 1167
f 1200 1167 1166
f 1200 1166 1201
f 1201 1166 1165
f 1201 1165 1202
f 1202 1165 1164
f 1164 1165 1151
f 1215 1222 1257
f 1257 1222 1252
f 1257 1252 1251
f 1227 1255 1251
f 1251 1255 1256
f 1251 1256 1257
f 224 241 193
f 193 241 240
f 193 240 194
f 194 240 195
f 195 240 196
f 196 240 197
f 197 240 198
f 198 240 199
f 199 240 200
f 200 240 201
f 201 240 1258
f 201 1258 202
f 202 1258 203
f 203 1258 204
f 204 1258 205
f 205 1258 206
f 206 1258 207
f 207 1258 208
f 208 1258 209
f 209 1258 1235
f 209 1235 210
f 210 1235 211
f 211 1235 212
f 212 1235 213
f 213 1235 214
f 214 1235 215
f 215 1235 216
f 216 1235 217
f 217 1235 241
f 217 241 218
f 218 241 219
f 219 241 220
f 220 241 221
f 221 241 222
f 222 241 223
f 223 241 224
f 1255 1227 1261
f 1261 1227 1238
f 1261 1238 1260
f 1260 1238 1237
f 1260 1237 1259
f 1259 1237 1236
f 1259 1236 1258
f 1258 1236 1235
f 1215 1257 1216
f 1216 1257 1265
f 1216 1265 1217
f 1217 1265 1266
f 1217 1266 1218
f 1218 1266 764
f 1218 764 1219
f 1219 764 763
f 1257 1256 1265
f 1265 1256 1262
f 1265 1262 1263
f 1256 1255 1262
f 1265 1263 1266
f 1266 1263 1264
f 1266 1264 765
f 765 1264 766
f 765 764 1266
f 240 239 1270
f 1270 239 1271
f 1270 1271 1269
f 1269 1271 1273
f 1269 1273 771
f 771 1273 772
f 772 1273 1274
f 772 1274 773
f 773 1274 1000
f 773 1000 999
f 239 238 1271
f 1271 238 1272
f 1271 1272 1273
f 1273 1272 1274
f 237 1002 238
f 238 1002 1272
f 1002 1001 1272
f 1272 1001 1274
f 1001 1000 1274
f 999 774 773
f 771 1267 1269
f 1269 1267 1268
f 766 1264 767
f 767 1264 1276
f 767 1276 768
f 768 1276 1278
f 768 1278 769
f 769 1278 1280
f 769 1280 770
f 770 1280 1282
f 770 1282 1268
f 1268 1282 1269
f 1269 1282 1281
f 1269 1281 1270
f 1270 1281 1258
f 1270 1258 240
f 1264 1263 1276
f 1276 1263 1275
f 1276 1275 1278
f 1278 1275 1277
f 1278 1277 1280
f 1280 1277 1279
f 1280 1279 1282
f 1282 1279 1281
f 1263 1262 1275
f 1275 1262 1261
f 1275 1261 1277
f 1277 1261 1260
f 1277 1260 1279
f 1279 1260 1259
f 1279 1259 1281
f 1281 1259 1258
f 1262 1255 1261
f 1268 1267 770
f 770 1267 771
f 935 1047 936
f 936 1047 1298
f 936 1298 937
f 937 1298 1300
f 937 1300 938
f 938 1300 1302
f 938 1302 939
f 939 1302 1304
f 939 1304 940
f 940 1304 1306
f 940 1306 941
f 941 1306 1308
f 941 1308 942
f 942 1308 1310
f 942 1310 943
f 943 1310 1312
f 943 1312 944
f 944 1312 1314
f 944 1314 945
f 945 1314 1316
f 945 1316 1296
f 1296 1316 1295
f 1295 1316 1315
f 1295 1315 1292
f 1292 1315 1291
f 1291 1315 1313
f 1291 1313 1290
f 1290 1313 1311
f 1290 1311 1289
f 1289 1311 1309
f 1289 1309 1288
f 1288 1309 1307
f 1288 1307 1287
f 1287 1307 1305
f 1287 1305 1286
f 1286 1305 1303
f 1286 1303 1285
f 1285 1303 1301
f 1285 1301 1284
f 1284 1301 1299
f 1284 1299 1283
f 1283 1299 1297
f 1283 1297 1045
f 1045 1297 1046
f 1046 1297 1298
f 1046 1298 1047
f 1293 1294 1292
f 1292 1294 1295
f 1296 946 945
f 1300 1298 1297
f 1300 1297 1299
f 1302 1300 1299
f 1302 1299 1301
f 1304 1302 1301
f 1304 1301 1303
f 1306 1304 1303
f 1306 1303 1305
f 1308 1306 1305
f 1308 1305 1307
f 1310 1308 1307
f 1310 1307 1309
f 1312 1310 1309
f 1312 1309 1311
f 1314 1312 1311
f 1314 1311 1313
f 1316 1314 1313
f 1316 1313 1315
f 947 946 737
f 737 946 1296
f 737 1296 1115
f 1115 1296 1295
f 1115 1295 1116
f 1116 1295 1294
f 1116 1294 1117
f 1117 1294 1293
f 1117 1293 1118
f 737 736 947
f 947 736 948
f 948 736 735
f 948 735 856
f 856 735 734
f 856 734 810
f 856 810 857
f 857 810 809
f 857 809 858
f 858 809 808
f 858 808 859
f 859 808 807
f 859 807 844
f 1051 1012 1045
f 1045 1012 1011
f 1045 1011 1128
f 1045 1128 1283
f 1283 1128 1127
f 1283 1127 1284
f 1284 1127 1126
f 1284 1126 1285
f 1285 1126 1125
f 1285 1125 1286
f 1286 1125 1124
f 1286 1124 1287
f 1287 1124 1123
f 1287 1123 1288
f 1288 1123 1289
f 1289 1123 1122
f 1289 1122 1290
f 1290 1122 1121
f 1290 1121 1291
f 1291 1121 1120
f 1291 1120 1292
f 1292 1120 1119
f 1292 1119 1293
f 1293 1119 1118
f 610 651 703
f 703 651 685
f 703 685 684
f 683 705 684
f 684 705 704
f 684 704 703
f 683 700 705
f 705 700 883
f 705 883 706
f 706 883 707
f 707 883 708
f 708 883 882
f 708 882 709
f 709 882 710
f 710 882 711
f 700 699 883
f 883 699 884
f 884 699 698
f 885 884 719
f 719 884 698
f 719 698 697
f 697 696 719
f 719 696 695
f 719 695 720
f 720 695 694
f 720 694 721
f 721 694 693
f 721 693 692
f 721 692 722
f 722 692 691
f 722 691 690
f 719 718 885
f 885 718 886
f 886 718 717
f 886 717 887
f 887 717 716
f 887 716 888
f 888 716 795
f 888 795 794
f 793 890 794
f 794 890 889
f 794 889 888
f 890 793 891
f 891 793 792
f 891 792 791
f 790 893 791
f 791 893 892
f 791 892 891
f 893 790 894
f 894 790 789
f 894 789 895
f 895 789 788
f 895 788 896
f 896 788 787
f 896 787 897
f 897 787 786
f 897 786 898
f 898 786 785
f 898 785 899
f 899 785 784
f 899 784 900
f 900 784 783
f 900 783 956
f 956 783 974
f 974 783 975
f 975 783 782
f 975 782 976
f 976 782 977
f 977 782 978
f 978 782 781
f 956 955 900
f 900 955 901
f 901 955 954
f 901 954 953
f 953 952 901
f 901 952 902
f 964 949 972
f 972 949 958
f 972 958 957
f 956 974 957
f 957 974 973
f 957 973 972
f 1317 1318 1326
f 1326 1318 1325
f 1325 1318 1319
f 1325 1319 1324
f 1324 1319 1320
f 1324 1320 1323
f 1323 1320 1321
f 1323 1321 1322
f 1332 1327 1331
f 1331 1327 1328
f 1331 1328 1330
f 1330 1328 1329
f 1330 1329 1326
f 1326 1329 1317
f 1333 1334 1340
f 1340 1334 1339
f 1339 1334 1335
f 1339 1335 1338
f 1338 1335 1336
f 1338 1336 1337
f 1337 1336 1327
f 1337 1327 1332
f 1322 1341 1323
f 1323 1341 1339
f 1323 1339 1338
f 1341 1342 1339
f 1339 1342 1340
f 1323 1338 1324
f 1324 1338 1337
f 1324 1337 1325
f 1325 1337 1332
f 1325 1332 1331
f 1331 1330 1325
f 1325 1330 1326
f 1321 1320 1351
f 1351 1320 1350
f 1350 1320 1348
f 1350 1348 1349
f 1320 1319 1348
f 1348 1319 1347
f 1347 1319 1318
f 1347 1318 1346
f 1346 1318 1343
f 1346 1343 1344
f 1318 1317 1343
f 1344 1345 1346
f 1327 1336 1360
f 1360 1336 1356
f 1360 1356 1359
f 1359 1356 1357
f 1359 1357 1358
f 1336 1335 1356
f 1356 1335 1355
f 1355 1335 1334
f 1355 1334 1354
f 1354 1334 1353
f 1353 1334 1352
f 1352 1334 1333
f 1361 1362 1370
f 1370 1362 1369
f 1369 1362 1363
f 1369 1363 1368
f 1368 1363 1364
f 1368 1364 1367
f 1367 1364 1365
f 1367 1365 1366
f 1376 1371 1375
f 1375 1371 1372
f 1375 1372 1374
f 1374 1372 1373
f 1374 1373 1370
f 1370 1373 1361
f 1377 1378 1384
f 1384 1378 1383
f 1383 1378 1379
f 1383 1379 1382
f 1382 1379 1380
f 1382 1380 1381
f 1381 1380 1371
f 1381 1371 1376
f 1366 1385 1367
f 1367 1385 1386
f 1367 1386 1384
f 1384 1383 1367
f 1367 1383 1382
f 1367 1382 1368
f 1368 1382 1381
f 1368 1381 1369
f 1369 1381 1374
f 1369 1374 1370
f 1376 1375 1381
f 1381 1375 1374
f 1395 1365 1392
f 1392 1365 1364
f 1392 1364 1391
f 1391 1364 1363
f 1391 1363 1390
f 1390 1363 1388
f 1390 1388 1389
f 1388 1363 1387
f 1387 1363 1362
f 1387 1362 1361
f 1393 1394 1392
f 1392 1394 1395
f 1371 1380 1404
f 1404 1380 1401
f 1404 1401 1403
f 1403 1401 1402
f 1401 1380 1400
f 1400 1380 1379
f 1400 1379 1399
f 1399 1379 1378
f 1399 1378 1398
f 1398 1378 1397
f 1397 1378 1396
f 1396 1378 1377
f 1405 1406 1414
f 1414 1406 1413
f 1413 1406 1407
f 1413 1407 1412
f 1412 1407 1408
f 1412 1408 1411
f 1411 1408 1409
f 1411 1409 1410
f 1420 1415 1419
f 1419 1415 1416
f 1419 1416 1418
f 1418 1416 1417
f 1418 1417 1414
f 1414 1417 1405
f 1421 1422 1424
f 1424 1422 1423
f 1423 1422 1415
f 1423 1415 1420
f 1425 1426 1428
f 1428 1426 1427
f 1427 1426 1421
f 1427 1421 1424
f 1428 1427 1430
f 1430 1427 1429
f 1429 1427 1410
f 1410 1427 1411
f 1411 1427 1424
f 1411 1424 1412
f 1412 1424 1423
f 1412 1423 1413
f 1413 1423 1420
f 1413 1420 1419
f 1419 1418 1413
f 1413 1418 1414
f 1439 1409 1436
f 1436 1409 1408
f 1436 1408 1435
f 1435 1408 1407
f 1435 1407 1434
f 1434 1407 1406
f 1434 1406 1432
f 1432 1406 1431
f 1431 1406 1405
f 1432 1433 1434
f 1437 1438 1436
f 1436 1438 1439
f 1415 1422 1448
f 1448 1422 1447
f 1447 1422 1445
f 1447 1445 1446
f 1422 1421 1445
f 1445 1421 1444
f 1444 1421 1426
f 1444 1426 1443
f 1443 1426 1440
f 1443 1440 1441
f 1426 1425 1440
f 1441 1442 1443
f 1449 1450 1458
f 1458 1450 1457
f 1457 1450 1451
f 1457 1451 1456
f 1456 1451 1452
f 1456 1452 1455
f 1455 1452 1453
f 1455 1453 1454
f 1464 1459 1463
f 1463 1459 1460
f 1463 1460 1462
f 1462 1460 1461
f 1462 1461 1458
f 1458 1461 1449
f 1465 1466 1472
f 1472 1466 1471
f 1471 1466 1467
f 1471 1467 1470
f 1470 1467 1468
f 1470 1468 1469
f 1469 1468 1459
f 1469 1459 1464
f 1454 1473 1455
f 1455 1473 1474
f 1455 1474 1472
f 1472 1471 1455
f 1455 1471 1470
f 1455 1470 1456
f 1456 1470 1469
f 1456 1469 1457
f 1457 1469 1462
f 1457 1462 1458
f 1464 1463 1469
f 1469 1463 1462
f 1483 1453 1480
f 1480 1453 1452
f 1480 1452 1479
f 1479 1452 1451
f 1479 1451 1478
f 1478 1451 1476
f 1478 1476 1477
f 1476 1451 1475
f 1475 1451 1450
f 1475 1450 1449
f 1481 1482 1480
f 1480 1482 1483
f 1459 1468 1492
f 1492 1468 1489
f 1492 1489 1491
f 1491 1489 1490
f 1489 1468 1488
f 1488 1468 1467
f 1488 1467 1487
f 1487 1467 1466
f 1487 1466 1486
f 1486 1466 1485
f 1485 1466 1484
f 1484 1466 1465
f 1493 1494 1502
f 1502 1494 1501
f 1501 1494 1495
f 1501 1495 1500
f 1500 1495 1496
f 1500 1496 1499
f 1499 1496 1497
f 1499 1497 1498
f 1507 1433 1506
f 1506 1433 1503
f 1506 1503 1505
f 1505 1503 1504
f 1505 1504 1502
f 1502 1504 1493
f 1437 1436 1511
f 1511 1436 1510
f 1510 1436 1435
f 1510 1435 1509
f 1509 1435 1434
f 1509 1434 1508
f 1508 1434 1433
f 1508 1433 1507
f 1498 1512 1499
f 1499 1512 1513
f 1499 1513 1511
f 1511 1510 1499
f 1499 1510 1509
f 1499 1509 1500
f 1500 1509 1508
f 1500 1508 1501
f 1501 1508 1505
f 1501 1505 1502
f 1507 1506 1508
f 1508 1506 1505
f 1522 1497 1519
f 1519 1497 1496
f 1519 1496 1518
f 1518 1496 1495
f 1518 1495 1517
f 1517 1495 1515
f 1517 1515 1516
f 1515 1495 1514
f 1514 1495 1494
f 1514 1494 1493
f 1520 1521 1519
f 1519 1521 1522
f 1523 1524 1532
f 1532 1524 1531
f 1531 1524 1525
f 1531 1525 1530
f 1530 1525 1526
f 1530 1526 1529
f 1529 1526 1527
f 1529 1527 1528
f 1537 1389 1536
f 1536 1389 1533
f 1536 1533 1535
f 1535 1533 1534
f 1535 1534 1532
f 1532 1534 1523
f 1393 1392 1541
f 1541 1392 1540
f 1540 1392 1391
f 1540 1391 1539
f 1539 1391 1390
f 1539 1390 1538
f 1538 1390 1389
f 1538 1389 1537
f 1528 1542 1529
f 1529 1542 1540
f 1529 1540 1539
f 1542 1543 1540
f 1540 1543 1541
f 1529 1539 1530
f 1530 1539 1538
f 1530 1538 1531
f 1531 1538 1537
f 1531 1537 1536
f 1536 1535 1531
f 1531 1535 1532
f 1527 1526 1552
f 1552 1526 1551
f 1551 1526 1549
f 1551 1549 1550
f 1526 1525 1549
f 1549 1525 1548
f 1548 1525 1524
f 1548 1524 1547
f 1547 1524 1544
f 1547 1544 1545
f 1524 1523 1544
f 1545 1546 1547
f 1358 1357 1557
f 1557 1357 1556
f 1556 1357 1356
f 1556 1356 1555
f 1555 1356 1355
f 1555 1355 1554
f 1554 1355 1354
f 1554 1354 1553
f 1563 1558 1562
f 1562 1558 1559
f 1562 1559 1561
f 1561 1559 1560
f 1561 1560 1557
f 1557 1560 1358
f 1564 1565 1571
f 1571 1565 1570
f 1570 1565 1566
f 1570 1566 1569
f 1569 1566 1567
f 1569 1567 1568
f 1568 1567 1558
f 1568 1558 1563
f 1553 1572 1554
f 1554 1572 1573
f 1554 1573 1571
f 1571 1570 1554
f 1554 1570 1569
f 1554 1569 1555
f 1555 1569 1568
f 1555 1568 1556
f 1556 1568 1561
f 1556 1561 1557
f 1563 1562 1568
f 1568 1562 1561
f 1558 1567 1582
f 1582 1567 1579
f 1582 1579 1581
f 1581 1579 1580
f 1579 1567 1578
f 1578 1567 1566
f 1578 1566 1577
f 1577 1566 1565
f 1577 1565 1576
f 1576 1565 1575
f 1575 1565 1574
f 1574 1565 1564
f 1402 1401 1587
f 1587 1401 1586
f 1586 1401 1400
f 1586 1400 1585
f 1585 1400 1399
f 1585 1399 1584
f 1584 1399 1398
f 1584 1398 1583
f 1593 1588 1592
f 1592 1588 1589
f 1592 1589 1591
f 1591 1589 1590
f 1591 1590 1587
f 1587 1590 1402
f 1594 1595 1601
f 1601 1595 1600
f 1600 1595 1596
f 1600 1596 1599
f 1599 1596 1597
f 1599 1597 1598
f 1598 1597 1588
f 1598 1588 1593
f 1584 1583 1600
f 1600 1583 1602
f 1600 1602 1603
f 1603 1601 1600
f 1600 1599 1584
f 1584 1599 1585
f 1585 1599 1598
f 1585 1598 1586
f 1586 1598 1593
f 1586 1593 1592
f 1592 1591 1586
f 1586 1591 1587
f 1588 1597 1612
f 1612 1597 1611
f 1611 1597 1609
f 1611 1609 1610
f 1597 1596 1609
f 1609 1596 1608
f 1608 1596 1595
f 1608 1595 1607
f 1607 1595 1604
f 1607 1604 1605
f 1595 1594 1604
f 1605 1606 1607
f 1446 1445 1617
f 1617 1445 1616
f 1616 1445 1444
f 1616 1444 1615
f 1615 1444 1443
f 1615 1443 1614
f 1614 1443 1442
f 1614 1442 1613
f 1622 1477 1621
f 1621 1477 1618
f 1621 1618 1620
f 1620 1618 1619
f 1620 1619 1617
f 1617 1619 1446
f 1481 1480 1626
f 1626 1480 1625
f 1625 1480 1479
f 1625 1479 1624
f 1624 1479 1478
f 1624 1478 1623
f 1623 1478 1477
f 1623 1477 1622
f 1613 1627 1614
f 1614 1627 1625
f 1614 1625 1624
f 1627 1628 1625
f 1625 1628 1626
f 1614 1624 1615
f 1615 1624 1623
f 1615 1623 1616
f 1616 1623 1622
f 1616 1622 1621
f 1621 1620 1616
f 1616 1620 1617
f 1490 1489 1633
f 1633 1489 1632
f 1632 1489 1488
f 1632 1488 1631
f 1631 1488 1487
f 1631 1487 1630
f 1630 1487 1486
f 1630 1486 1629
f 1638 1345 1637
f 1637 1345 1634
f 1637 1634 1636
f 1636 1634 1635
f 1636 1635 1633
f 1633 1635 1490
f 1349 1348 1642
f 1642 1348 1641
f 1641 1348 1347
f 1641 1347 1640
f 1640 1347 1346
f 1640 1346 1639
f 1639 1346 1345
f 1639 1345 1638
f 1630 1629 1641
f 1641 1629 1643
f 1641 1643 1644
f 1644 1642 1641
f 1641 1640 1630
f 1630 1640 1631
f 1631 1640 1639
f 1631 1639 1632
f 1632 1639 1638
f 1632 1638 1637
f 1637 1636 1632
f 1632 1636 1633
f 1610 1609 1649
f 1649 1609 1648
f 1648 1609 1608
f 1648 1608 1647
f 1647 1608 1607
f 1647 1607 1646
f 1646 1607 1606
f 1646 1606 1645
f 1654 1516 1653
f 1653 1516 1650
f 1653 1650 1652
f 1652 1650 1651
f 1652 1651 1649
f 1649 1651 1610
f 1520 1519 1658
f 1658 1519 1657
f 1657 1519 1518
f 1657 1518 1656
f 1656 1518 1517
f 1656 1517 1655
f 1655 1517 1516
f 1655 1516 1654
f 1645 1659 1646
f 1646 1659 1657
f 1646 1657 1656
f 1659 1660 1657
f 1657 1660 1658
f 1646 1656 1647
f 1647 1656 1655
f 1647 1655 1648
f 1648 1655 1654
f 1648 1654 1653
f 1653 1652 1648
f 1648 1652 1649
f 1580 1579 1665
f 1665 1579 1664
f 1664 1579 1578
f 1664 1578 1663
f 1663 1578 1577
f 1663 1577 1662
f 1662 1577 1576
f 1662 1576 1661
f 1670 1546 1669
f 1669 1546 1666
f 1669 1666 1668
f 1668 1666 1667
f 1668 1667 1665
f 1665 1667 1580
f 1550 1549 1674
f 1674 1549 1673
f 1673 1549 1548
f 1673 1548 1672
f 1672 1548 1547
f 1672 1547 1671
f 1671 1547 1546
f 1671 1546 1670
f 1662 1661 1673
f 1673 1661 1675
f 1673 1675 1676
f 1676 1674 1673
f 1673 1672 1662
f 1662 1672 1663
f 1663 1672 1671
f 1663 1671 1664
f 1664 1671 1670
f 1664 1670 1669
f 1669 1668 1664
f 1664 1668 1665
f 1678 1394 1677
f 1677 1394 1393
f 1677 1393 1543
f 1543 1393 1541
f 1679 1396 1678
f 1678 1396 1377
f 1678 1377 1386
f 1386 1377 1384
f 1680 1604 1679
f 1679 1604 1594
f 1679 1594 1603
f 1603 1594 1601
f 1681 1521 1680
f 1680 1521 1520
f 1680 1520 1660
f 1660 1520 1658
f 1682 1438 1681
f 1681 1438 1437
f 1681 1437 1513
f 1513 1437 1511
f 1683 1440 1682
f 1682 1440 1425
f 1682 1425 1430
f 1430 1425 1428
f 1684 1482 1683
f 1683 1482 1481
f 1683 1481 1628
f 1628 1481 1626
f 1685 1484 1684
f 1684 1484 1465
f 1684 1465 1474
f 1474 1465 1472
f 1686 1350 1685
f 1685 1350 1349
f 1685 1349 1644
f 1644 1349 1642
f 1687 1352 1686
f 1686 1352 1333
f 1686 1333 1342
f 1342 1333 1340
f 1688 1574 1687
f 1687 1574 1564
f 1687 1564 1573
f 1573 1564 1571
f 1677 1551 1688
f 1688 1551 1550
f 1688 1550 1676
f 1676 1550 1674
f 1552 1677 1527
f 1527 1677 1542
f 1527 1542 1528
f 1552 1551 1677
f 1676 1675 1688
f 1688 1675 1576
f 1688 1576 1575
f 1675 1661 1576
f 1575 1574 1688
f 1573 1572 1687
f 1687 1572 1354
f 1687 1354 1353
f 1572 1553 1354
f 1353 1352 1687
f 1342 1341 1686
f 1686 1341 1321
f 1686 1321 1351
f 1341 1322 1321
f 1351 1350 1686
f 1644 1643 1685
f 1685 1643 1486
f 1685 1486 1485
f 1643 1629 1486
f 1485 1484 1685
f 1474 1473 1684
f 1684 1473 1453
f 1684 1453 1483
f 1473 1454 1453
f 1483 1482 1684
f 1628 1627 1683
f 1683 1627 1442
f 1683 1442 1441
f 1627 1613 1442
f 1441 1440 1683
f 1430 1429 1682
f 1682 1429 1409
f 1682 1409 1439
f 1429 1410 1409
f 1439 1438 1682
f 1513 1512 1681
f 1681 1512 1497
f 1681 1497 1522
f 1512 1498 1497
f 1522 1521 1681
f 1660 1659 1680
f 1680 1659 1606
f 1680 1606 1605
f 1659 1645 1606
f 1605 1604 1680
f 1603 1602 1679
f 1679 1602 1398
f 1679 1398 1397
f 1602 1583 1398
f 1397 1396 1679
f 1386 1385 1678
f 1678 1385 1365
f 1678 1365 1395
f 1385 1366 1365
f 1395 1394 1678
f 1543 1542 1677
f 1688 1684 1677
f 1677 1684 1683
f 1677 1683 1678
f 1678 1683 1682
f 1678 1682 1679
f 1679 1682 1681
f 1679 1681 1680
f 1684 1688 1685
f 1685 1688 1687
f 1685 1687 1686
f 1689 1690 1698
f 1698 1690 1697
f 1697 1690 1691
f 1697 1691 1696
f 1696 1691 1692
f 1696 1692 1695
f 1695 1692 1693
f 1695 1693 1694
f 1704 1699 1703
f 1703 1699 1700
f 1703 1700 1702
f 1702 1700 1701
f 1702 1701 1698
f 1698 1701 1689
f 1705 1706 1712
f 1712 1706 1711
f 1711 1706 1707
f 1711 1707 1710
f 1710 1707 1708
f 1710 1708 1709
f 1709 1708 1699
f 1709 1699 1704
f 1714 1712 1695
f 1695 1712 1711
f 1695 1711 1696
f 1696 1711 1710
f 1696 1710 1697
f 1697 1710 1709
f 1697 1709 1698
f 1698 1709 1702
f 1702 1709 1703
f 1703 1709 1704
f 1694 1713 1695
f 1695 1713 1714
f 1693 1692 1723
f 1723 1692 1720
f 1723 1720 1722
f 1722 1720 1721
f 1720 1692 1719
f 1719 1692 1691
f 1719 1691 1718
f 1718 1691 1690
f 1718 1690 1716
f 1716 1690 1715
f 1715 1690 1689
f 1716 1717 1718
f 1699 1708 1732
f 1732 1708 1731
f 1731 1708 1729
f 1731 1729 1730
f 1708 1707 1729
f 1729 1707 1728
f 1728 1707 1706
f 1728 1706 1727
f 1727 1706 1705
f 1727 1705 1724
f 1724 1725 1727
f 1727 1725 1726
f 1733 1734 1742
f 1742 1734 1741
f 1741 1734 1735
f 1741 1735 1740
f 1740 1735 1736
f 1740 1736 1739
f 1739 1736 1737
f 1739 1737 1738
f 1748 1743 1747
f 1747 1743 1744
f 1747 1744 1746
f 1746 1744 1745
f 1746 1745 1742
f 1742 1745 1733
f 1749 1750 1756
f 1756 1750 1755
f 1755 1750 1751
f 1755 1751 1754
f 1754 1751 1752
f 1754 1752 1753
f 1753 1752 1743
f 1753 1743 1748
f 1756 1755 1758
f 1758 1755 1757
f 1757 1755 1738
f 1738 1755 1739
f 1739 1755 1740
f 1740 1755 1754
f 1740 1754 1741
f 1741 1754 1753
f 1741 1753 1747
f 1747 1753 1748
f 1747 1746 1741
f 1741 1746 1742
f 1737 1736 1767
f 1767 1736 1766
f 1766 1736 1765
f 1765 1736 1764
f 1764 1736 1735
f 1764 1735 1763
f 1763 1735 1734
f 1763 1734 1762
f 1762 1734 1759
f 1762 1759 1760
f 1734 1733 1759
f 1760 1761 1762
f 1743 1752 1776
f 1776 1752 1751
f 1776 1751 1775
f 1775 1751 1773
f 1775 1773 1774
f 1773 1751 1772
f 1772 1751 1750
f 1772 1750 1771
f 1771 1750 1749
f 1771 1749 1768
f 1768 1769 1771
f 1771 1769 1770
f 1777 1778 1786
f 1786 1778 1785
f 1785 1778 1779
f 1785 1779 1784
f 1784 1779 1780
f 1784 1780 1783
f 1783 1780 1781
f 1783 1781 1782
f 1792 1787 1791
f 1791 1787 1788
f 1791 1788 1790
f 1790 1788 1789
f 1790 1789 1786
f 1786 1789 1777
f 1793 1794 1800
f 1800 1794 1799
f 1799 1794 1795
f 1799 1795 1798
f 1798 1795 1796
f 1798 1796 1797
f 1797 1796 1787
f 1797 1787 1792
f 1800 1799 1802
f 1802 1799 1783
f 1802 1783 1801
f 1801 1783 1782
f 1783 1799 1784
f 1784 1799 1798
f 1784 1798 1785
f 1785 1798 1797
f 1785 1797 1786
f 1786 1797 1790
f 1790 1797 1791
f 1791 1797 1792
f 1781 1780 1811
f 1811 1780 1810
f 1810 1780 1809
f 1809 1780 1808
f 1808 1780 1779
f 1808 1779 1807
f 1807 1779 1778
f 1807 1778 1803
f 1803 1778 1777
f 1803 1804 1807
f 1807 1804 1806
f 1806 1804 1805
f 1787 1796 1820
f 1820 1796 1817
f 1820 1817 1819
f 1819 1817 1818
f 1817 1796 1816
f 1816 1796 1795
f 1816 1795 1815
f 1815 1795 1794
f 1815 1794 1813
f 1813 1794 1812
f 1812 1794 1793
f 1813 1814 1815
f 1821 1822 1830
f 1830 1822 1829
f 1829 1822 1823
f 1829 1823 1828
f 1828 1823 1824
f 1828 1824 1827
f 1827 1824 1825
f 1827 1825 1826
f 1835 1717 1834
f 1834 1717 1831
f 1834 1831 1833
f 1833 1831 1832
f 1833 1832 1830
f 1830 1832 1821
f 1721 1720 1839
f 1839 1720 1838
f 1838 1720 1719
f 1838 1719 1837
f 1837 1719 1718
f 1837 1718 1836
f 1836 1718 1717
f 1836 1717 1835
f 1839 1838 1841
f 1841 1838 1827
f 1841 1827 1840
f 1840 1827 1826
f 1827 1838 1828
f 1828 1838 1837
f 1828 1837 1829
f 1829 1837 1836
f 1829 1836 1830
f 1830 1836 1833
f 1833 1836 1834
f 1834 1836 1835
f 1825 1824 1850
f 1850 1824 1849
f 1849 1824 1848
f 1848 1824 1847
f 1847 1824 1823
f 1847 1823 1846
f 1846 1823 1822
f 1846 1822 1842
f 1842 1822 1821
f 1842 1843 1846
f 1846 1843 1845
f 1845 1843 1844
f 1851 1852 1860
f 1860 1852 1859
f 1859 1852 1853
f 1859 1853 1858
f 1858 1853 1854
f 1858 1854 1857
f 1857 1854 1855
f 1857 1855 1856
f 1865 1805 1864
f 1864 1805 1861
f 1864 1861 1863
f 1863 1861 1862
f 1863 1862 1860
f 1860 1862 1851
f 1809 1808 1869
f 1869 1808 1868
f 1868 1808 1807
f 1868 1807 1867
f 1867 1807 1806
f 1867 1806 1866
f 1866 1806 1805
f 1866 1805 1865
f 1869 1868 1871
f 1871 1868 1870
f 1870 1868 1856
f 1856 1868 1857
f 1857 1868 1858
f 1858 1868 1867
f 1858 1867 1859
f 1859 1867 1866
f 1859 1866 1864
f 1864 1866 1865
f 1864 1863 1859
f 1859 1863 1860
f 1855 1854 1880
f 1880 1854 1879
f 1879 1854 1878
f 1878 1854 1877
f 1877 1854 1853
f 1877 1853 1876
f 1876 1853 1852
f 1876 1852 1875
f 1875 1852 1872
f 1875 1872 1873
f 1852 1851 1872
f 1873 1874 1875
f 1881 1882 1890
f 1890 1882 1889
f 1889 1882 1883
f 1889 1883 1888
f 1888 1883 1884
f 1888 1884 1887
f 1887 1884 1885
f 1887 1885 1886
f 1895 1761 1894
f 1894 1761 1891
f 1894 1891 1893
f 1893 1891 1892
f 1893 1892 1890
f 1890 1892 1881
f 1765 1764 1899
f 1899 1764 1898
f 1898 1764 1763
f 1898 1763 1897
f 1897 1763 1762
f 1897 1762 1896
f 1896 1762 1761
f 1896 1761 1895
f 1901 1899 1887
f 1887 1899 1898
f 1887 1898 1888
f 1888 1898 1897
f 1888 1897 1889
f 1889 1897 1896
f 1889 1896 1890
f 1890 1896 1893
f 1893 1896 1894
f 1894 1896 1895
f 1886 1900 1887
f 1887 1900 1901
f 1885 1884 1910
f 1910 1884 1907
f 1910 1907 1909
f 1909 1907 1908
f 1907 1884 1906
f 1906 1884 1883
f 1906 1883 1905
f 1905 1883 1882
f 1905 1882 1903
f 1903 1882 1902
f 1902 1882 1881
f 1903 1904 1905
f 1730 1729 1915
f 1915 1729 1914
f 1914 1729 1728
f 1914 1728 1913
f 1913 1728 1727
f 1913 1727 1912
f 1912 1727 1726
f 1912 1726 1911
f 1921 1916 1920
f 1920 1916 1917
f 1920 1917 1919
f 1919 1917 1918
f 1919 1918 1915
f 1915 1918 1730
f 1922 1923 1929
f 1929 1923 1928
f 1928 1923 1924
f 1928 1924 1927
f 1927 1924 1925
f 1927 1925 1926
f 1926 1925 1916
f 1926 1916 1921
f 1929 1928 1931
f 1931 1928 1930
f 1930 1928 1911
f 1911 1928 1912
f 1912 1928 1913
f 1913 1928 1927
f 1913 1927 1914
f 1914 1927 1926
f 1914 1926 1920
f 1920 1926 1921
f 1920 1919 1914
f 1914 1919 1915
f 1916 1925 1940
f 1940 1925 1924
f 1940 1924 1939
f 1939 1924 1937
f 1939 1937 1938
f 1937 1924 1936
f 1936 1924 1923
f 1936 1923 1935
f 1935 1923 1922
f 1935 1922 1932
f 1932 1933 1935
f 1935 1933 1934
f 1774 1773 1945
f 1945 1773 1944
f 1944 1773 1772
f 1944 1772 1943
f 1943 1772 1771
f 1943 1771 1942
f 1942 1771 1770
f 1942 1770 1941
f 1951 1946 1950
f 1950 1946 1947
f 1950 1947 1949
f 1949 1947 1948
f 1949 1948 1945
f 1945 1948 1774
f 1952 1953 1959
f 1959 1953 1958
f 1958 1953 1954
f 1958 1954 1957
f 1957 1954 1955
f 1957 1955 1956
f 1956 1955 1946
f 1956 1946 1951
f 1959 1958 1961
f 1961 1958 1942
f 1961 1942 1960
f 1960 1942 1941
f 1942 1958 1943
f 1943 1958 1957
f 1943 1957 1944
f 1944 1957 1956
f 1944 1956 1945
f 1945 1956 1949
f 1949 1956 1950
f 1950 1956 1951
f 1946 1955 1970
f 1970 1955 1967
f 1970 1967 1969
f 1969 1967 1968
f 1967 1955 1966
f 1966 1955 1954
f 1966 1954 1965
f 1965 1954 1953
f 1965 1953 1963
f 1963 1953 1962
f 1962 1953 1952
f 1963 1964 1965
f 1818 1817 1975
f 1975 1817 1974
f 1974 1817 1816
f 1974 1816 1973
f 1973 1816 1815
f 1973 1815 1972
f 1972 1815 1814
f 1972 1814 1971
f 1981 1976 1980
f 1980 1976 1977
f 1980 1977 1979
f 1979 1977 1978
f 1979 1978 1975
f 1975 1978 1818
f 1982 1983 1989
f 1989 1983 1988
f 1988 1983 1984
f 1988 1984 1987
f 1987 1984 1985
f 1987 1985 1986
f 1986 1985 1976
f 1986 1976 1981
f 1991 1989 1972
f 1972 1989 1988
f 1972 1988 1973
f 1973 1988 1987
f 1973 1987 1974
f 1974 1987 1986
f 1974 1986 1975
f 1975 1986 1979
f 1979 1986 1980
f 1980 1986 1981
f 1971 1990 1972
f 1972 1990 1991
f 1976 1985 2000
f 2000 1985 1999
f 1999 1985 1997
f 1999 1997 1998
f 1985 1984 1997
f 1997 1984 1996
f 1996 1984 1983
f 1996 1983 1995
f 1995 1983 1982
f 1995 1982 1992
f 1992 1993 1995
f 1995 1993 1994
f 1998 1997 2005
f 2005 1997 2004
f 2004 1997 1996
f 2004 1996 2003
f 2003 1996 1995
f 2003 1995 2002
f 2002 1995 1994
f 2002 1994 2001
f 2010 1844 2009
f 2009 1844 2006
f 2009 2006 2008
f 2008 2006 2007
f 2008 2007 2005
f 2005 2007 1998
f 1848 1847 2014
f 2014 1847 2013
f 2013 1847 1846
f 2013 1846 2012
f 2012 1846 1845
f 2012 1845 2011
f 2011 1845 1844
f 2011 1844 2010
f 2014 2013 2016
f 2016 2013 2015
f 2015 2013 2001
f 2001 2013 2002
f 2002 2013 2003
f 2003 2013 2012
f 2003 2012 2004
f 2004 2012 2011
f 2004 2011 2009
f 2009 2011 2010
f 2009 2008 2004
f 2004 2008 2005
f 1968 1967 2021
f 2021 1967 2020
f 2020 1967 1966
f 2020 1966 2019
f 2019 1966 1965
f 2019 1965 2018
f 2018 1965 1964
f 2018 1964 2017
f 2026 1874 2025
f 2025 1874 2022
f 2025 2022 2024
f 2024 2022 2023
f 2024 2023 2021
f 2021 2023 1968
f 1878 1877 2030
f 2030 1877 2029
f 2029 1877 1876
f 2029 1876 2028
f 2028 1876 1875
f 2028 1875 2027
f 2027 1875 1874
f 2027 1874 2026
f 2017 2031 2018
f 2018 2031 2032
f 2018 2032 2030
f 2030 2029 2018
f 2018 2029 2019
f 2019 2029 2028
f 2019 2028 2020
f 2020 2028 2027
f 2020 2027 2021
f 2021 2027 2024
f 2024 2027 2025
f 2025 2027 2026
f 1938 1937 2037
f 2037 1937 2036
f 2036 1937 1936
f 2036 1936 2035
f 2035 1936 1935
f 2035 1935 2034
f 2034 1935 1934
f 2034 1934 2033
f 2042 1904 2041
f 2041 1904 2038
f 2041 2038 2040
f 2040 2038 2039
f 2040 2039 2037
f 2037 2039 1938
f 1908 1907 2046
f 2046 1907 2045
f 2045 1907 1906
f 2045 1906 2044
f 2044 1906 1905
f 2044 1905 2043
f 2043 1905 1904
f 2043 1904 2042
f 2046 2045 2048
f 2048 2045 2034
f 2048 2034 2047
f 2047 2034 2033
f 2034 2045 2035
f 2035 2045 2044
f 2035 2044 2036
f 2036 2044 2043
f 2036 2043 2037
f 2037 2043 2040
f 2040 2043 2041
f 2041 2043 2042
f 2050 1910 2049
f 2049 1910 1909
f 2049 1909 1908
f 2051 1767 2050
f 2050 1767 1766
f 2050 1766 1765
f 2052 1769 2051
f 2051 1769 1768
f 2051 1768 1749
f 2053 1963 2052
f 2052 1963 1962
f 2052 1962 1952
f 2054 1880 2053
f 2053 1880 1879
f 2053 1879 1878
f 2055 1811 2054
f 2054 1811 1810
f 2054 1810 1809
f 2056 1813 2055
f 2055 1813 1812
f 2055 1812 1793
f 2057 1993 2056
f 2056 1993 1992
f 2056 1992 1982
f 2058 1850 2057
f 2057 1850 1849
f 2057 1849 1848
f 2059 1723 2058
f 2058 1723 1722
f 2058 1722 1721
f 2060 1725 2059
f 2059 1725 1724
f 2059 1724 1705
f 2049 1933 2060
f 2060 1933 1932
f 2060 1932 1922
f 1910 2050 1885
f 1885 2050 1901
f 1885 1901 1900
f 2046 2048 1908
f 1908 2048 2049
f 2049 2048 1934
f 1934 2048 2047
f 1934 2047 2033
f 1934 1933 2049
f 1929 1931 1922
f 1922 1931 2060
f 2060 1931 1726
f 1726 1931 1930
f 1726 1930 1911
f 1726 1725 2060
f 1712 1714 1705
f 1705 1714 2059
f 2059 1714 1693
f 1693 1714 1713
f 1693 1713 1694
f 1693 1723 2059
f 1839 1841 1721
f 1721 1841 2058
f 2058 1841 1825
f 1825 1841 1840
f 1825 1840 1826
f 1825 1850 2058
f 2014 2016 1848
f 1848 2016 2057
f 2057 2016 1994
f 1994 2016 2015
f 1994 2015 2001
f 1994 1993 2057
f 1989 1991 1982
f 1982 1991 2056
f 2056 1991 1814
f 1814 1991 1990
f 1814 1990 1971
f 1814 1813 2056
f 1800 1802 1793
f 1793 1802 2055
f 2055 1802 1781
f 1781 1802 1801
f 1781 1801 1782
f 1781 1811 2055
f 1869 1871 1809
f 1809 1871 2054
f 2054 1871 1855
f 1855 1871 1870
f 1855 1870 1856
f 1855 1880 2054
f 2030 2032 1878
f 1878 2032 2053
f 2053 2032 1964
f 1964 2032 2031
f 1964 2031 2017
f 1964 1963 2053
f 1959 1961 1952
f 1952 1961 2052
f 2052 1961 1770
f 1770 1961 1960
f 1770 1960 1941
f 1770 1769 2052
f 1756 1758 1749
f 1749 1758 2051
f 2051 1758 1737
f 1737 1758 1757
f 1737 1757 1738
f 1737 1767 2051
f 1899 1901 1765
f 1765 1901 2050
f 1900 1886 1885
f 2060 2056 2049
f 2049 2056 2055
f 2049 2055 2050
f 2050 2055 2054
f 2050 2054 2051
f 2051 2054 2053
f 2051 2053 2052
f 2056 2060 2057
f 2057 2060 2059
f 2057 2059 2058
f 2062 2117 2061
f 2061 2117 2120
f 2061 2120 2088
f 2088 2120 2169
f 2088 2169 2087
f 2087 2169 2167
f 2087 2167 2086
f 2086 2167 2165
f 2086 2165 2085
f 2085 2165 2163
f 2085 2163 2084
f 2084 2163 2161
f 2084 2161 2083
f 2083 2161 2159
f 2083 2159 2082
f 2082 2159 2157
f 2082 2157 2081
f 2081 2157 2155
f 2081 2155 2080
f 2080 2155 2153
f 2080 2153 2079
f 2079 2153 2151
f 2079 2151 2078
f 2078 2151 2149
f 2078 2149 2077
f 2077 2149 2147
f 2077 2147 2076
f 2076 2147 2145
f 2076 2145 2075
f 2075 2145 2115
f 2075 2115 2074
f 2074 2115 2143
f 2074 2143 2073
f 2073 2143 2141
f 2073 2141 2072
f 2072 2141 2139
f 2072 2139 2071
f 2071 2139 2137
f 2071 2137 2070
f 2070 2137 2135
f 2070 2135 2069
f 2069 2135 2133
f 2069 2133 2068
f 2068 2133 2131
f 2068 2131 2067
f 2067 2131 2129
f 2067 2129 2066
f 2066 2129 2127
f 2066 2127 2065
f 2065 2127 2125
f 2065 2125 2064
f 2064 2125 2123
f 2064 2123 2063
f 2063 2123 2121
f 2063 2121 2062
f 2062 2121 2117
f 2090 2170 2089
f 2089 2170 2119
f 2089 2119 2118
f 2118 2119 2120
f 2118 2120 2117
f 2170 2090 2168
f 2168 2090 2091
f 2168 2091 2166
f 2166 2091 2092
f 2166 2092 2164
f 2164 2092 2093
f 2164 2093 2162
f 2162 2093 2094
f 2162 2094 2160
f 2160 2094 2095
f 2160 2095 2158
f 2158 2095 2096
f 2158 2096 2156
f 2156 2096 2097
f 2156 2097 2154
f 2154 2097 2098
f 2154 2098 2152
f 2152 2098 2099
f 2152 2099 2150
f 2150 2099 2100
f 2150 2100 2148
f 2148 2100 2101
f 2148 2101 2146
f 2146 2101 2102
f 2146 2102 2116
f 2116 2102 2144
f 2116 2144 2143
f 2143 2144 2141
f 2102 2103 2144
f 2144 2103 2142
f 2144 2142 2141
f 2141 2142 2139
f 2103 2104 2142
f 2142 2104 2140
f 2142 2140 2139
f 2139 2140 2137
f 2104 2105 2140
f 2140 2105 2138
f 2140 2138 2137
f 2137 2138 2135
f 2105 2106 2138
f 2138 2106 2136
f 2138 2136 2135
f 2135 2136 2133
f 2106 2107 2136
f 2136 2107 2134
f 2136 2134 2133
f 2133 2134 2131
f 2107 2108 2134
f 2134 2108 2132
f 2134 2132 2131
f 2131 2132 2129
f 2108 2109 2132
f 2132 2109 2130
f 2132 2130 2129
f 2129 2130 2127
f 2109 2110 2130
f 2130 2110 2128
f 2130 2128 2127
f 2127 2128 2125
f 2110 2111 2128
f 2128 2111 2126
f 2128 2126 2125
f 2125 2126 2123
f 2111 2112 2126
f 2126 2112 2124
f 2126 2124 2123
f 2123 2124 2121
f 2112 2113 2124
f 2124 2113 2122
f 2124 2122 2121
f 2121 2122 2117
f 2113 2114 2122
f 2122 2114 2118
f 2122 2118 2117
f 2114 2089 2118
f 2146 2116 2115
f 2115 2116 2143
f 2146 2115 2145
f 2169 2120 2119
f 2169 2119 2170
f 2148 2146 2145
f 2148 2145 2147
f 2150 2148 2147
f 2150 2147 2149
f 2152 2150 2149
f 2152 2149 2151
f 2154 2152 2151
f 2154 2151 2153
f 2156 2154 2153
f 2156 2153 2155
f 2158 2156 2155
f 2158 2155 2157
f 2160 2158 2157
f 2160 2157 2159
f 2162 2160 2159
f 2162 2159 2161
f 2164 2162 2161
f 2164 2161 2163
f 2166 2164 2163
f 2166 2163 2165
f 2168 2166 2165
f 2168 2165 2167
f 2170 2168 2167
f 2170 2167 2169
f 2172 2062 2171
f 2171 2062 2061
f 2171 2061 2198
f 2198 2061 2088
f 2198 2088 2197
f 2197 2088 2087
f 2197 2087 2196
f 2196 2087 2086
f 2196 2086 2195
f 2195 2086 2085
f 2195 2085 2194
f 2194 2085 2084
f 2194 2084 2193
f 2193 2084 2083
f 2193 2083 2192
f 2192 2083 2082
f 2192 2082 2191
f 2191 2082 2081
f 2191 2081 2190
f 2190 2081 2080
f 2190 2080 2189
f 2189 2080 2079
f 2189 2079 2188
f 2188 2079 2078
f 2188 2078 2187
f 2187 2078 2077
f 2187 2077 2186
f 2186 2077 2076
f 2186 2076 2185
f 2185 2076 2075
f 2185 2075 2184
f 2184 2075 2074
f 2184 2074 2183
f 2183 2074 2073
f 2183 2073 2182
f 2182 2073 2072
f 2182 2072 2181
f 2181 2072 2071
f 2181 2071 2180
f 2180 2071 2070
f 2180 2070 2179
f 2179 2070 2069
f 2179 2069 2178
f 2178 2069 2068
f 2178 2068 2177
f 2177 2068 2067
f 2177 2067 2176
f 2176 2067 2066
f 2176 2066 2175
f 2175 2066 2065
f 2175 2065 2174
f 2174 2065 2064
f 2174 2064 2173
f 2173 2064 2063
f 2173 2063 2172
f 2172 2063 2062
f 2200 2103 2199
f 2199 2103 2102
f 2199 2102 2101
f 2103 2200 2104
f 2104 2200 2201
f 2104 2201 2105
f 2105 2201 2106
f 2106 2201 2202
f 2106 2202 2107
f 2107 2202 2203
f 2107 2203 2108
f 2108 2203 2204
f 2108 2204 2109
f 2109 2204 2110
f 2110 2204 2205
f 2110 2205 2111
f 2111 2205 2206
f 2111 2206 2112
f 2112 2206 2113
f 2113 2206 2207
f 2113 2207 2114
f 2114 2207 2208
f 2114 2208 2089
f 2089 2208 2090
f 2090 2208 2209
f 2090 2209 2091
f 2091 2209 2210
f 2091 2210 2092
f 2092 2210 2093
f 2093 2210 2211
f 2093 2211 2094
f 2094 2211 2212
f 2094 2212 2095
f 2095 2212 2213
f 2095 2213 2096
f 2096 2213 2097
f 2097 2213 2214
f 2097 2214 2098
f 2098 2214 2215
f 2098 2215 2099
f 2099 2215 2100
f 2100 2215 2216
f 2100 2216 2101
f 2101 2216 2199
f 2218 2273 2217
f 2217 2273 2271
f 2217 2271 2244
f 2244 2271 2325
f 2244 2325 2243
f 2243 2325 2323
f 2243 2323 2242
f 2242 2323 2321
f 2242 2321 2241
f 2241 2321 2319
f 2241 2319 2240
f 2240 2319 2317
f 2240 2317 2239
f 2239 2317 2315
f 2239 2315 2238
f 2238 2315 2313
f 2238 2313 2237
f 2237 2313 2311
f 2237 2311 2236
f 2236 2311 2309
f 2236 2309 2235
f 2235 2309 2307
f 2235 2307 2234
f 2234 2307 2305
f 2234 2305 2233
f 2233 2305 2303
f 2233 2303 2232
f 2232 2303 2301
f 2232 2301 2231
f 2231 2301 2299
f 2231 2299 2230
f 2230 2299 2297
f 2230 2297 2229
f 2229 2297 2295
f 2229 2295 2228
f 2228 2295 2293
f 2228 2293 2227
f 2227 2293 2291
f 2227 2291 2226
f 2226 2291 2289
f 2226 2289 2225
f 2225 2289 2287
f 2225 2287 2224
f 2224 2287 2285
f 2224 2285 2223
f 2223 2285 2283
f 2223 2283 2222
f 2222 2283 2281
f 2222 2281 2221
f 2221 2281 2279
f 2221 2279 2220
f 2220 2279 2277
f 2220 2277 2219
f 2219 2277 2275
f 2219 2275 2218
f 2218 2275 2273
f 2246 2326 2245
f 2245 2326 2272
f 2245 2272 2274
f 2274 2272 2271
f 2274 2271 2273
f 2326 2246 2324
f 2324 2246 2247
f 2324 2247 2322
f 2322 2247 2248
f 2322 2248 2320
f 2320 2248 2249
f 2320 2249 2318
f 2318 2249 2250
f 2318 2250 2316
f 2316 2250 2251
f 2316 2251 2314
f 2314 2251 2252
f 2314 2252 2312
f 2312 2252 2253
f 2312 2253 2310
f 2310 2253 2254
f 2310 2254 2308
f 2308 2254 2255
f 2308 2255 2306
f 2306 2255 2256
f 2306 2256 2304
f 2304 2256 2257
f 2304 2257 2302
f 2302 2257 2258
f 2302 2258 2300
f 2300 2258 2298
f 2300 2298 2297
f 2297 2298 2295
f 2258 2259 2298
f 2298 2259 2296
f 2298 2296 2295
f 2295 2296 2293
f 2259 2260 2296
f 2296 2260 2294
f 2296 2294 2293
f 2293 2294 2291
f 2260 2261 2294
f 2294 2261 2292
f 2294 2292 2291
f 2291 2292 2289
f 2261 2262 2292
f 2292 2262 2290
f 2292 2290 2289
f 2289 2290 2287
f 2262 2263 2290
f 2290 2263 2288
f 2290 2288 2287
f 2287 2288 2285
f 2263 2264 2288
f 2288 2264 2286
f 2288 2286 2285
f 2285 2286 2283
f 2264 2265 2286
f 2286 2265 2284
f 2286 2284 2283
f 2283 2284 2281
f 2265 2266 2284
f 2284 2266 2282
f 2284 2282 2281
f 2281 2282 2279
f 2266 2267 2282
f 2282 2267 2280
f 2282 2280 2279
f 2279 2280 2277
f 2267 2268 2280
f 2280 2268 2278
f 2280 2278 2277
f 2277 2278 2275
f 2268 2269 2278
f 2278 2269 2276
f 2278 2276 2275
f 2275 2276 2273
f 2269 2270 2276
f 2276 2270 2274
f 2276 2274 2273
f 2270 2245 2274
f 2271 2272 2325
f 2325 2272 2326
f 2325 2326 2323
f 2323 2326 2324
f 2323 2324 2321
f 2321 2324 2322
f 2321 2322 2319
f 2319 2322 2320
f 2319 2320 2317
f 2317 2320 2318
f 2317 2318 2315
f 2315 2318 2316
f 2315 2316 2313
f 2313 2316 2314
f 2313 2314 2311
f 2311 2314 2312
f 2311 2312 2309
f 2309 2312 2310
f 2309 2310 2307
f 2307 2310 2308
f 2307 2308 2305
f 2305 2308 2306
f 2305 2306 2303
f 2303 2306 2304
f 2303 2304 2301
f 2301 2304 2302
f 2301 2302 2299
f 2299 2302 2300
f 2299 2300 2297
f 2328 2218 2327
f 2327 2218 2217
f 2327 2217 2354
f 2354 2217 2244
f 2354 2244 2353
f 2353 2244 2243
f 2353 2243 2352
f 2352 2243 2242
f 2352 2242 2351
f 2351 2242 2241
f 2351 2241 2350
f 2350 2241 2240
f 2350 2240 2349
f 2349 2240 2239
f 2349 2239 2348
f 2348 2239 2238
f 2348 2238 2347
f 2347 2238 2237
f 2347 2237 2346
f 2346 2237 2236
f 2346 2236 2345
f 2345 2236 2235
f 2345 2235 2344
f 2344 2235 2234
f 2344 2234 2343
f 2343 2234 2233
f 2343 2233 2342
f 2342 2233 2232
f 2342 2232 2341
f 2341 2232 2231
f 2341 2231 2340
f 2340 2231 2230
f 2340 2230 2339
f 2339 2230 2229
f 2339 2229 2338
f 2338 2229 2228
f 2338 2228 2337
f 2337 2228 2227
f 2337 2227 2336
f 2336 2227 2226
f 2336 2226 2335
f 2335 2226 2225
f 2335 2225 2334
f 2334 2225 2224
f 2334 2224 2333
f 2333 2224 2223
f 2333 2223 2332
f 2332 2223 2222
f 2332 2222 2331
f 2331 2222 2221
f 2331 2221 2330
f 2330 2221 2220
f 2330 2220 2329
f 2329 2220 2219
f 2329 2219 2328
f 2328 2219 2218
f 2356 2259 2355
f 2355 2259 2258
f 2355 2258 2257
f 2259 2356 2260
f 2260 2356 2357
f 2260 2357 2261
f 2261 2357 2262
f 2262 2357 2358
f 2262 2358 2263
f 2263 2358 2359
f 2263 2359 2264
f 2264 2359 2360
f 2264 2360 2265
f 2265 2360 2266
f 2266 2360 2361
f 2266 2361 2267
f 2267 2361 2362
f 2267 2362 2268
f 2268 2362 2269
f 2269 2362 2363
f 2269 2363 2270
f 2270 2363 2364
f 2270 2364 2245
f 2245 2364 2246
f 2246 2364 2365
f 2246 2365 2247
f 2247 2365 2366
f 2247 2366 2248
f 2248 2366 2249
f 2249 2366 2367
f 2249 2367 2250
f 2250 2367 2368
f 2250 2368 2251
f 2251 2368 2369
f 2251 2369 2252
f 2252 2369 2253
f 2253 2369 2370
f 2253 2370 2254
f 2254 2370 2371
f 2254 2371 2255
f 2255 2371 2256
f 2256 2371 2372
f 2256 2372 2257
f 2257 2372 2355
f 2354 2375 2327
f 2327 2375 2378
f 2327 2378 2328
f 2328 2378 2427
f 2328 2427 2329
f 2329 2427 2425
f 2329 2425 2330
f 2330 2425 2423
f 2330 2423 2331
f 2331 2423 2421
f 2331 2421 2332
f 2332 2421 2419
f 2332 2419 2333
f 2333 2419 2417
f 2333 2417 2334
f 2334 2417 2415
f 2334 2415 2335
f 2335 2415 2413
f 2335 2413 2336
f 2336 2413 2411
f 2336 2411 2337
f 2337 2411 2409
f 2337 2409 2338
f 2338 2409 2407
f 2338 2407 2339
f 2339 2407 2405
f 2339 2405 2340
f 2340 2405 2403
f 2340 2403 2341
f 2341 2403 2373
f 2341 2373 2342
f 2342 2373 2401
f 2342 2401 2343
f 2343 2401 2399
f 2343 2399 2344
f 2344 2399 2397
f 2344 2397 2345
f 2345 2397 2395
f 2345 2395 2346
f 2346 2395 2393
f 2346 2393 2347
f 2347 2393 2391
f 2347 2391 2348
f 2348 2391 2389
f 2348 2389 2349
f 2349 2389 2387
f 2349 2387 2350
f 2350 2387 2385
f 2350 2385 2351
f 2351 2385 2383
f 2351 2383 2352
f 2352 2383 2381
f 2352 2381 2353
f 2353 2381 2379
f 2353 2379 2354
f 2354 2379 2375
f 1545 2406 1546
f 1546 2406 2408
f 1546 2408 1666
f 1666 2408 1667
f 1667 2408 1580
f 1580 2408 1581
f 1581 2408 2410
f 1581 2410 1582
f 1582 2410 2412
f 1582 2412 1558
f 1558 2412 1559
f 1559 2412 1560
f 1560 2412 1358
f 1358 2412 2414
f 1358 2414 1359
f 1359 2414 1360
f 1360 2414 2416
f 1360 2416 1327
f 1327 2416 2418
f 1327 2418 1328
f 1328 2418 1329
f 1329 2418 1317
f 1317 2418 1343
f 1343 2418 2420
f 1343 2420 1344
f 1344 2420 1345
f 1345 2420 2422
f 1345 2422 1634
f 1634 2422 1635
f 1635 2422 1490
f 1490 2422 1491
f 1491 2422 2424
f 1491 2424 1492
f 1492 2424 2426
f 1492 2426 1459
f 1459 2426 1460
f 1460 2426 1461
f 1461 2426 1449
f 1449 2426 2428
f 1449 2428 1475
f 1475 2428 1476
f 1476 2428 2377
f 1476 2377 1477
f 1477 2377 2376
f 1477 2376 1618
f 1618 2376 1619
f 1619 2376 1446
f 1446 2376 1447
f 1447 2376 2380
f 1447 2380 1448
f 1448 2380 1415
f 1415 2380 2382
f 1415 2382 1416
f 1416 2382 1417
f 1417 2382 1405
f 1405 2382 1431
f 1431 2382 2384
f 1431 2384 1432
f 1432 2384 2386
f 1432 2386 1433
f 1433 2386 1503
f 1503 2386 1504
f 1504 2386 1493
f 1493 2386 2388
f 1493 2388 1514
f 1514 2388 1515
f 1515 2388 2390
f 1515 2390 1516
f 1516 2390 2392
f 1516 2392 1650
f 1650 2392 1651
f 1651 2392 1610
f 1610 2392 1611
f 1611 2392 2394
f 1611 2394 1612
f 1612 2394 1588
f 1588 2394 2396
f 1588 2396 1589
f 1589 2396 1590
f 1590 2396 1402
f 1402 2396 1403
f 1403 2396 2398
f 1403 2398 1404
f 1404 2398 2400
f 1404 2400 1371
f 1371 2400 1372
f 1372 2400 1373
f 1373 2400 1361
f 1361 2400 2402
f 1361 2402 1387
f 1387 2402 1388
f 1388 2402 2374
f 1388 2374 1389
f 1389 2374 2404
f 1389 2404 1533
f 1533 2404 1534
f 1534 2404 1523
f 1523 2404 1544
f 1544 2404 2406
f 1544 2406 1545
f 2373 2374 2401
f 2401 2374 2402
f 2401 2402 2399
f 2399 2402 2400
f 2399 2400 2397
f 2397 2400 2398
f 2397 2398 2395
f 2395 2398 2396
f 2395 2396 2393
f 2393 2396 2394
f 2393 2394 2391
f 2391 2394 2392
f 2391 2392 2389
f 2389 2392 2390
f 2389 2390 2387
f 2387 2390 2388
f 2387 2388 2385
f 2385 2388 2386
f 2385 2386 2383
f 2383 2386 2384
f 2383 2384 2381
f 2381 2384 2382
f 2381 2382 2379
f 2379 2382 2380
f 2379 2380 2375
f 2375 2380 2376
f 2375 2376 2378
f 2378 2376 2377
f 2378 2377 2427
f 2427 2377 2428
f 2427 2428 2425
f 2425 2428 2426
f 2425 2426 2423
f 2423 2426 2424
f 2423 2424 2421
f 2421 2424 2422
f 2421 2422 2419
f 2419 2422 2420
f 2419 2420 2417
f 2417 2420 2418
f 2417 2418 2415
f 2415 2418 2416
f 2415 2416 2413
f 2413 2416 2414
f 2413 2414 2411
f 2411 2414 2412
f 2411 2412 2409
f 2409 2412 2410
f 2409 2410 2407
f 2407 2410 2408
f 2407 2408 2405
f 2405 2408 2406
f 2405 2406 2403
f 2403 2406 2404
f 2403 2404 2373
f 2373 2404 2374
f 2198 2431 2171
f 2171 2431 2429
f 2171 2429 2172
f 2172 2429 2483
f 2172 2483 2173
f 2173 2483 2481
f 2173 2481 2174
f 2174 2481 2479
f 2174 2479 2175
f 2175 2479 2477
f 2175 2477 2176
f 2176 2477 2475
f 2176 2475 2177
f 2177 2475 2473
f 2177 2473 2178
f 2178 2473 2471
f 2178 2471 2179
f 2179 2471 2469
f 2179 2469 2180
f 2180 2469 2467
f 2180 2467 2181
f 2181 2467 2465
f 2181 2465 2182
f 2182 2465 2463
f 2182 2463 2183
f 2183 2463 2461
f 2183 2461 2184
f 2184 2461 2459
f 2184 2459 2185
f 2185 2459 2457
f 2185 2457 2186
f 2186 2457 2455
f 2186 2455 2187
f 2187 2455 2453
f 2187 2453 2188
f 2188 2453 2451
f 2188 2451 2189
f 2189 2451 2449
f 2189 2449 2190
f 2190 2449 2447
f 2190 2447 2191
f 2191 2447 2445
f 2191 2445 2192
f 2192 2445 2443
f 2192 2443 2193
f 2193 2443 2441
f 2193 2441 2194
f 2194 2441 2439
f 2194 2439 2195
f 2195 2439 2437
f 2195 2437 2196
f 2196 2437 2435
f 2196 2435 2197
f 2197 2435 2433
f 2197 2433 2198
f 2198 2433 2431
f 2038 1904 2484
f 2484 1904 1903
f 2484 1903 2482
f 2482 1903 1902
f 2482 1902 1881
f 2482 1881 2480
f 2480 1881 1892
f 2480 1892 1891
f 1891 1761 2480
f 2480 1761 1760
f 2480 1760 2478
f 2478 1760 1759
f 2478 1759 2476
f 2476 1759 1733
f 2476 1733 1745
f 1745 1744 2476
f 2476 1744 1743
f 2476 1743 2474
f 2474 1743 1776
f 2474 1776 1775
f 2474 1775 2472
f 2472 1775 1774
f 2472 1774 2470
f 2470 1774 1948
f 2470 1948 1947
f 1947 1946 2470
f 2470 1946 1970
f 2470 1970 2468
f 2468 1970 1969
f 2468 1969 1968
f 2468 1968 2466
f 2466 1968 2023
f 2466 2023 2022
f 2022 1874 2466
f 2466 1874 1873
f 2466 1873 2464
f 2464 1873 1872
f 2464 1872 2462
f 2462 1872 1851
f 2462 1851 1862
f 1862 1861 2462
f 2462 1861 1805
f 2462 1805 2460
f 2460 1805 1804
f 2460 1804 1803
f 2460 1803 2458
f 2458 1803 1777
f 2458 1777 2456
f 2456 1777 1789
f 2456 1789 1788
f 1788 1787 2456
f 2456 1787 1820
f 2456 1820 2454
f 2454 1820 1819
f 2454 1819 1818
f 2454 1818 2452
f 2452 1818 1978
f 2452 1978 1977
f 1977 1976 2452
f 2452 1976 2000
f 2452 2000 2450
f 2450 2000 1999
f 2450 1999 2448
f 2448 1999 1998
f 2448 1998 2007
f 2007 2006 2448
f 2448 2006 1844
f 2448 1844 2446
f 2446 1844 1843
f 2446 1843 1842
f 2446 1842 2444
f 2444 1842 1821
f 2444 1821 2442
f 2442 1821 1832
f 2442 1832 1831
f 1831 1717 2442
f 2442 1717 1716
f 2442 1716 2440
f 2440 1716 1715
f 2440 1715 1689
f 2440 1689 2438
f 2438 1689 1701
f 2438 1701 1700
f 1700 1699 2438
f 2438 1699 1732
f 2438 1732 2436
f 2436 1732 1731
f 2436 1731 2434
f 2434 1731 1730
f 2434 1730 1918
f 1918 1917 2434
f 2434 1917 1916
f 2434 1916 2432
f 2432 1916 1940
f 2432 1940 1939
f 2432 1939 2430
f 2430 1939 1938
f 2430 1938 2484
f 2484 1938 2039
f 2484 2039 2038
f 2429 2430 2483
f 2483 2430 2484
f 2483 2484 2481
f 2481 2484 2482
f 2481 2482 2479
f 2479 2482 2480
f 2479 2480 2477
f 2477 2480 2478
f 2477 2478 2475
f 2475 2478 2476
f 2475 2476 2473
f 2473 2476 2474
f 2473 2474 2471
f 2471 2474 2472
f 2471 2472 2469
f 2469 2472 2470
f 2469 2470 2467
f 2467 2470 2468
f 2467 2468 2465
f 2465 2468 2466
f 2465 2466 2463
f 2463 2466 2464
f 2463 2464 2461
f 2461 2464 2462
f 2461 2462 2459
f 2459 2462 2460
f 2459 2460 2457
f 2457 2460 2458
f 2457 2458 2455
f 2455 2458 2456
f 2455 2456 2453
f 2453 2456 2454
f 2453 2454 2451
f 2451 2454 2452
f 2451 2452 2449
f 2449 2452 2450
f 2449 2450 2447
f 2447 2450 2448
f 2447 2448 2445
f 2445 2448 2446
f 2445 2446 2443
f 2443 2446 2444
f 2443 2444 2441
f 2441 2444 2442
f 2441 2442 2439
f 2439 2442 2440
f 2439 2440 2437
f 2437 2440 2438
f 2437 2438 2435
f 2435 2438 2436
f 2435 2436 2433
f 2433 2436 2434
f 2433 2434 2431
f 2431 2434 2432
f 2431 2432 2429
f 2429 2432 2430
f 2372 2200 2355
f 2355 2200 2199
f 2355 2199 2356
f 2356 2199 2216
f 2356 2216 2357
f 2357 2216 2215
f 2357 2215 2358
f 2358 2215 2214
f 2358 2214 2359
f 2359 2214 2213
f 2359 2213 2360
f 2360 2213 2212
f 2360 2212 2361
f 2361 2212 2211
f 2361 2211 2362
f 2362 2211 2210
f 2362 2210 2363
f 2363 2210 2209
f 2363 2209 2364
f 2364 2209 2208
f 2364 2208 2365
f 2365 2208 2207
f 2365 2207 2366
f 2366 2207 2206
f 2366 2206 2367
f 2367 2206 2205
f 2367 2205 2368
f 2368 2205 2204
f 2368 2204 2369
f 2369 2204 2203
f 2369 2203 2370
f 2370 2203 2202
f 2370 2202 2371
f 2371 2202 2201
f 2371 2201 2372
f 2372 2201 2200
f 2485 2486 2500
f 2500 2486 2499
f 2499 2486 2487
f 2499 2487 2498
f 2498 2487 2488
f 2498 2488 2497
f 2497 2488 2489
f 2497 2489 2496
f 2496 2489 2490
f 2496 2490 2495
f 2495 2490 2491
f 2495 2491 2494
f 2494 2491 2492
f 2494 2492 2493
f 2506 2501 2505
f 2505 2501 2502
f 2505 2502 2504
f 2504 2502 2503
f 2504 2503 2500
f 2500 2503 2485
f 2507 2508 2514
f 2514 2508 2513
f 2513 2508 2509
f 2513 2509 2512
f 2512 2509 2510
f 2512 2510 2511
f 2511 2510 2501
f 2511 2501 2506
f 2493 2515 2494
f 2494 2515 2516
f 2494 2516 2514
f 2514 2513 2494
f 2494 2513 2495
f 2495 2513 2496
f 2496 2513 2512
f 2496 2512 2497
f 2497 2512 2511
f 2497 2511 2498
f 2498 2511 2506
f 2498 2506 2499
f 2499 2506 2505
f 2499 2505 2504
f 2504 2500 2499
f 2492 2491 2525
f 2525 2491 2524
f 2524 2491 2523
f 2523 2491 2522
f 2522 2491 2490
f 2522 2490 2489
f 2488 2520 2489
f 2489 2520 2521
f 2489 2521 2522
f 2487 2517 2488
f 2488 2517 2518
f 2488 2518 2520
f 2520 2518 2519
f 2487 2486 2517
f 2517 2486 2485
f 2501 2510 2537
f 2537 2510 2536
f 2536 2510 2509
f 2536 2509 2532
f 2532 2509 2531
f 2531 2509 2508
f 2531 2508 2530
f 2530 2508 2529
f 2529 2508 2507
f 2529 2507 2526
f 2526 2527 2529
f 2529 2527 2528
f 2532 2533 2536
f 2536 2533 2534
f 2536 2534 2535
f 2538 2539 2553
f 2553 2539 2552
f 2552 2539 2540
f 2552 2540 2551
f 2551 2540 2541
f 2551 2541 2550
f 2550 2541 2542
f 2550 2542 2549
f 2549 2542 2543
f 2549 2543 2548
f 2548 2543 2544
f 2548 2544 2547
f 2547 2544 2545
f 2547 2545 2546
f 2559 2554 2558
f 2558 2554 2555
f 2558 2555 2557
f 2557 2555 2556
f 2557 2556 2553
f 2553 2556 2538
f 2560 2561 2567
f 2567 2561 2566
f 2566 2561 2562
f 2566 2562 2565
f 2565 2562 2563
f 2565 2563 2564
f 2564 2563 2554
f 2564 2554 2559
f 2546 2568 2547
f 2547 2568 2566
f 2547 2566 2548
f 2548 2566 2565
f 2548 2565 2549
f 2549 2565 2564
f 2549 2564 2550
f 2550 2564 2559
f 2550 2559 2551
f 2551 2559 2558
f 2551 2558 2552
f 2552 2558 2557
f 2552 2557 2553
f 2568 2569 2566
f 2566 2569 2567
f 2545 2544 2578
f 2578 2544 2577
f 2577 2544 2576
f 2576 2544 2575
f 2575 2544 2543
f 2575 2543 2542
f 2575 2542 2574
f 2574 2542 2541
f 2574 2541 2570
f 2570 2541 2540
f 2570 2540 2539
f 2539 2538 2570
f 2574 2570 2573
f 2573 2570 2571
f 2573 2571 2572
f 2554 2563 2590
f 2590 2563 2562
f 2590 2562 2584
f 2584 2562 2561
f 2584 2561 2583
f 2583 2561 2582
f 2582 2561 2560
f 2582 2560 2579
f 2579 2580 2582
f 2582 2580 2581
f 2590 2584 2589
f 2589 2584 2585
f 2589 2585 2586
f 2586 2587 2589
f 2589 2587 2588
f 2591 2592 2606
f 2606 2592 2605
f 2605 2592 2593
f 2605 2593 2604
f 2604 2593 2594
f 2604 2594 2603
f 2603 2594 2595
f 2603 2595 2602
f 2602 2595 2596
f 2602 2596 2601
f 2601 2596 2597
f 2601 2597 2600
f 2600 2597 2598
f 2600 2598 2599
f 2612 2607 2611
f 2611 2607 2608
f 2611 2608 2610
f 2610 2608 2609
f 2610 2609 2606
f 2606 2609 2591
f 2613 2614 2620
f 2620 2614 2619
f 2619 2614 2615
f 2619 2615 2618
f 2618 2615 2616
f 2618 2616 2617
f 2617 2616 2607
f 2617 2607 2612
f 2599 2621 2600
f 2600 2621 2622
f 2600 2622 2620
f 2620 2619 2600
f 2600 2619 2601
f 2601 2619 2602
f 2602 2619 2618
f 2602 2618 2603
f 2603 2618 2617
f 2603 2617 2604
f 2604 2617 2605
f 2605 2617 2612
f 2605 2612 2611
f 2611 2610 2605
f 2605 2610 2606
f 2598 2597 2631
f 2631 2597 2630
f 2630 2597 2629
f 2629 2597 2628
f 2628 2597 2596
f 2628 2596 2595
f 2594 2623 2595
f 2595 2623 2624
f 2595 2624 2627
f 2627 2624 2626
f 2626 2624 2625
f 2594 2593 2623
f 2623 2593 2592
f 2623 2592 2591
f 2627 2628 2595
f 2607 2616 2642
f 2642 2616 2638
f 2642 2638 2641
f 2641 2638 2639
f 2641 2639 2640
f 2638 2616 2637
f 2637 2616 2615
f 2637 2615 2636
f 2636 2615 2614
f 2636 2614 2635
f 2635 2614 2613
f 2635 2613 2632
f 2632 2633 2635
f 2635 2633 2634
f 2643 2644 2658
f 2658 2644 2657
f 2657 2644 2645
f 2657 2645 2656
f 2656 2645 2646
f 2656 2646 2655
f 2655 2646 2647
f 2655 2647 2654
f 2654 2647 2648
f 2654 2648 2653
f 2653 2648 2649
f 2653 2649 2652
f 2652 2649 2650
f 2652 2650 2651
f 2663 2519 2662
f 2662 2519 2659
f 2662 2659 2661
f 2661 2659 2660
f 2661 2660 2658
f 2658 2660 2643
f 2523 2522 2667
f 2667 2522 2666
f 2666 2522 2521
f 2666 2521 2665
f 2665 2521 2520
f 2665 2520 2664
f 2664 2520 2519
f 2664 2519 2663
f 2651 2668 2652
f 2652 2668 2669
f 2652 2669 2667
f 2667 2666 2652
f 2652 2666 2653
f 2653 2666 2654
f 2654 2666 2665
f 2654 2665 2655
f 2655 2665 2664
f 2655 2664 2656
f 2656 2664 2657
f 2657 2664 2663
f 2657 2663 2662
f 2662 2661 2657
f 2657 2661 2658
f 2650 2649 2678
f 2678 2649 2677
f 2677 2649 2676
f 2676 2649 2675
f 2675 2649 2648
f 2675 2648 2647
f 2646 2670 2647
f 2647 2670 2671
f 2647 2671 2674
f 2674 2671 2673
f 2673 2671 2672
f 2646 2645 2670
f 2670 2645 2644
f 2670 2644 2643
f 2674 2675 2647
f 2679 2680 2694
f 2694 2680 2693
f 2693 2680 2681
f 2693 2681 2692
f 2692 2681 2682
f 2692 2682 2691
f 2691 2682 2683
f 2691 2683 2690
f 2690 2683 2684
f 2690 2684 2689
f 2689 2684 2685
f 2689 2685 2688
f 2688 2685 2686
f 2688 2686 2687
f 2699 2625 2698
f 2698 2625 2695
f 2698 2695 2697
f 2697 2695 2696
f 2697 2696 2694
f 2694 2696 2679
f 2629 2628 2703
f 2703 2628 2702
f 2702 2628 2627
f 2702 2627 2701
f 2701 2627 2626
f 2701 2626 2700
f 2700 2626 2625
f 2700 2625 2699
f 2687 2704 2688
f 2688 2704 2702
f 2688 2702 2689
f 2689 2702 2701
f 2689 2701 2690
f 2690 2701 2700
f 2690 2700 2691
f 2691 2700 2699
f 2691 2699 2692
f 2692 2699 2698
f 2692 2698 2693
f 2693 2698 2697
f 2693 2697 2694
f 2704 2705 2702
f 2702 2705 2703
f 2686 2685 2714
f 2714 2685 2713
f 2713 2685 2712
f 2712 2685 2711
f 2711 2685 2684
f 2711 2684 2683
f 2711 2683 2710
f 2710 2683 2682
f 2710 2682 2706
f 2706 2682 2681
f 2706 2681 2680
f 2680 2679 2706
f 2710 2706 2709
f 2709 2706 2707
f 2709 2707 2708
f 2715 2716 2730
f 2730 2716 2729
f 2729 2716 2717
f 2729 2717 2728
f 2728 2717 2718
f 2728 2718 2727
f 2727 2718 2719
f 2727 2719 2726
f 2726 2719 2720
f 2726 2720 2725
f 2725 2720 2721
f 2725 2721 2724
f 2724 2721 2722
f 2724 2722 2723
f 2735 2572 2734
f 2734 2572 2731
f 2734 2731 2733
f 2733 2731 2732
f 2733 2732 2730
f 2730 2732 2715
f 2576 2575 2739
f 2739 2575 2738
f 2738 2575 2574
f 2738 2574 2737
f 2737 2574 2573
f 2737 2573 2736
f 2736 2573 2572
f 2736 2572 2735
f 2723 2740 2724
f 2724 2740 2741
f 2724 2741 2739
f 2739 2738 2724
f 2724 2738 2725
f 2725 2738 2726
f 2726 2738 2737
f 2726 2737 2727
f 2727 2737 2736
f 2727 2736 2728
f 2728 2736 2735
f 2728 2735 2729
f 2729 2735 2734
f 2729 2734 2733
f 2733 2730 2729
f 2722 2721 2750
f 2750 2721 2749
f 2749 2721 2748
f 2748 2721 2747
f 2747 2721 2720
f 2747 2720 2719
f 2718 2745 2719
f 2719 2745 2746
f 2719 2746 2747
f 2717 2742 2718
f 2718 2742 2743
f 2718 2743 2745
f 2745 2743 2744
f 2717 2716 2742
f 2742 2716 2715
f 2535 2534 2758
f 2758 2534 2757
f 2757 2534 2533
f 2757 2533 2756
f 2756 2533 2532
f 2756 2532 2755
f 2755 2532 2531
f 2755 2531 2754
f 2754 2531 2530
f 2754 2530 2753
f 2753 2530 2529
f 2753 2529 2752
f 2752 2529 2528
f 2752 2528 2751
f 2764 2759 2763
f 2763 2759 2760
f 2763 2760 2762
f 2762 2760 2761
f 2762 2761 2758
f 2758 2761 2535
f 2765 2766 2772
f 2772 2766 2771
f 2771 2766 2767
f 2771 2767 2770
f 2770 2767 2768
f 2770 2768 2769
f 2769 2768 2759
f 2769 2759 2764
f 2751 2773 2752
f 2752 2773 2771
f 2752 2771 2753
f 2753 2771 2770
f 2753 2770 2754
f 2754 2770 2769
f 2754 2769 2755
f 2755 2769 2764
f 2755 2764 2756
f 2756 2764 2763
f 2756 2763 2757
f 2757 2763 2762
f 2757 2762 2758
f 2773 2774 2771
f 2771 2774 2772
f 2759 2768 2786
f 2786 2768 2767
f 2786 2767 2780
f 2780 2767 2766
f 2780 2766 2779
f 2779 2766 2778
f 2778 2766 2765
f 2778 2765 2775
f 2775 2776 2778
f 2778 2776 2777
f 2786 2780 2785
f 2785 2780 2781
f 2785 2781 2782
f 2782 2783 2785
f 2785 2783 2784
f 2588 2587 2794
f 2794 2587 2793
f 2793 2587 2586
f 2793 2586 2792
f 2792 2586 2585
f 2792 2585 2791
f 2791 2585 2584
f 2791 2584 2790
f 2790 2584 2583
f 2790 2583 2789
f 2789 2583 2582
f 2789 2582 2788
f 2788 2582 2581
f 2788 2581 2787
f 2800 2795 2799
f 2799 2795 2796
f 2799 2796 2798
f 2798 2796 2797
f 2798 2797 2794
f 2794 2797 2588
f 2801 2802 2808
f 2808 2802 2807
f 2807 2802 2803
f 2807 2803 2806
f 2806 2803 2804
f 2806 2804 2805
f 2805 2804 2795
f 2805 2795 2800
f 2787 2809 2788
f 2788 2809 2810
f 2788 2810 2808
f 2808 2807 2788
f 2788 2807 2789
f 2789 2807 2790
f 2790 2807 2806
f 2790 2806 2791
f 2791 2806 2805
f 2791 2805 2792
f 2792 2805 2793
f 2793 2805 2800
f 2793 2800 2799
f 2799 2798 2793
f 2793 2798 2794
f 2795 2804 2822
f 2822 2804 2817
f 2822 2817 2821
f 2821 2817 2818
f 2821 2818 2819
f 2817 2804 2816
f 2816 2804 2803
f 2816 2803 2802
f 2801 2814 2802
f 2802 2814 2815
f 2802 2815 2816
f 2801 2811 2814
f 2814 2811 2812
f 2814 2812 2813
f 2819 2820 2821
f 2636 2635 2825
f 2825 2635 2824
f 2824 2635 2634
f 2824 2634 2823
f 2638 2637 2827
f 2827 2637 2826
f 2826 2637 2636
f 2826 2636 2825
f 2640 2639 2829
f 2829 2639 2828
f 2828 2639 2638
f 2828 2638 2827
f 2835 2830 2834
f 2834 2830 2831
f 2834 2831 2833
f 2833 2831 2832
f 2833 2832 2829
f 2829 2832 2640
f 2836 2837 2839
f 2839 2837 2838
f 2838 2837 2830
f 2838 2830 2835
f 2840 2841 2843
f 2843 2841 2842
f 2842 2841 2836
f 2842 2836 2839
f 2844 2845 2847
f 2847 2845 2846
f 2846 2845 2840
f 2846 2840 2843
f 2823 2848 2824
f 2824 2848 2849
f 2824 2849 2846
f 2846 2849 2847
f 2824 2846 2825
f 2825 2846 2843
f 2825 2843 2842
f 2825 2842 2826
f 2826 2842 2839
f 2826 2839 2827
f 2827 2839 2838
f 2827 2838 2828
f 2828 2838 2835
f 2828 2835 2834
f 2834 2833 2828
f 2828 2833 2829
f 2830 2837 2861
f 2861 2837 2836
f 2861 2836 2860
f 2860 2836 2841
f 2860 2841 2856
f 2856 2841 2855
f 2855 2841 2840
f 2855 2840 2845
f 2844 2853 2845
f 2845 2853 2854
f 2845 2854 2855
f 2844 2850 2853
f 2853 2850 2851
f 2853 2851 2852
f 2856 2857 2860
f 2860 2857 2858
f 2860 2858 2859
f 2859 2858 2869
f 2869 2858 2868
f 2868 2858 2857
f 2868 2857 2867
f 2867 2857 2856
f 2867 2856 2866
f 2866 2856 2855
f 2866 2855 2865
f 2865 2855 2854
f 2865 2854 2864
f 2864 2854 2853
f 2864 2853 2863
f 2863 2853 2852
f 2863 2852 2862
f 2874 2672 2873
f 2873 2672 2870
f 2873 2870 2872
f 2872 2870 2871
f 2872 2871 2869
f 2869 2871 2859
f 2676 2675 2878
f 2878 2675 2877
f 2877 2675 2674
f 2877 2674 2876
f 2876 2674 2673
f 2876 2673 2875
f 2875 2673 2672
f 2875 2672 2874
f 2862 2879 2863
f 2863 2879 2877
f 2863 2877 2864
f 2864 2877 2876
f 2864 2876 2865
f 2865 2876 2875
f 2865 2875 2866
f 2866 2875 2874
f 2866 2874 2867
f 2867 2874 2873
f 2867 2873 2868
f 2868 2873 2872
f 2868 2872 2869
f 2879 2880 2877
f 2877 2880 2878
f 2820 2819 2888
f 2888 2819 2887
f 2887 2819 2818
f 2887 2818 2886
f 2886 2818 2817
f 2886 2817 2885
f 2885 2817 2816
f 2885 2816 2884
f 2884 2816 2815
f 2884 2815 2883
f 2883 2815 2814
f 2883 2814 2882
f 2882 2814 2813
f 2882 2813 2881
f 2893 2708 2892
f 2892 2708 2889
f 2892 2889 2891
f 2891 2889 2890
f 2891 2890 2888
f 2888 2890 2820
f 2712 2711 2897
f 2897 2711 2896
f 2896 2711 2710
f 2896 2710 2895
f 2895 2710 2709
f 2895 2709 2894
f 2894 2709 2708
f 2894 2708 2893
f 2881 2898 2882
f 2882 2898 2899
f 2882 2899 2897
f 2897 2896 2882
f 2882 2896 2883
f 2883 2896 2884
f 2884 2896 2895
f 2884 2895 2885
f 2885 2895 2894
f 2885 2894 2886
f 2886 2894 2893
f 2886 2893 2887
f 2887 2893 2892
f 2887 2892 2891
f 2891 2888 2887
f 2784 2783 2907
f 2907 2783 2906
f 2906 2783 2782
f 2906 2782 2905
f 2905 2782 2781
f 2905 2781 2904
f 2904 2781 2780
f 2904 2780 2903
f 2903 2780 2779
f 2903 2779 2902
f 2902 2779 2778
f 2902 2778 2901
f 2901 2778 2777
f 2901 2777 2900
f 2912 2744 2911
f 2911 2744 2908
f 2911 2908 2910
f 2910 2908 2909
f 2910 2909 2907
f 2907 2909 2784
f 2748 2747 2916
f 2916 2747 2915
f 2915 2747 2746
f 2915 2746 2914
f 2914 2746 2745
f 2914 2745 2913
f 2913 2745 2744
f 2913 2744 2912
f 2900 2917 2901
f 2901 2917 2918
f 2901 2918 2916
f 2916 2915 2901
f 2901 2915 2902
f 2902 2915 2903
f 2903 2915 2914
f 2903 2914 2904
f 2904 2914 2913
f 2904 2913 2905
f 2905 2913 2906
f 2906 2913 2912
f 2906 2912 2911
f 2911 2910 2906
f 2906 2910 2907
f 2920 2560 2919
f 2919 2560 2568
f 2919 2568 2545
f 2545 2568 2546
f 2921 2801 2920
f 2920 2801 2809
f 2920 2809 2581
f 2581 2809 2787
f 2922 2712 2921
f 2921 2712 2898
f 2921 2898 2813
f 2813 2898 2881
f 2923 2629 2922
f 2922 2629 2704
f 2922 2704 2686
f 2686 2704 2687
f 2924 2613 2923
f 2923 2613 2621
f 2923 2621 2598
f 2598 2621 2599
f 2925 2844 2924
f 2924 2844 2848
f 2924 2848 2634
f 2634 2848 2823
f 2926 2676 2925
f 2925 2676 2879
f 2925 2879 2852
f 2852 2879 2862
f 2927 2523 2926
f 2926 2523 2668
f 2926 2668 2650
f 2650 2668 2651
f 2928 2507 2927
f 2927 2507 2515
f 2927 2515 2492
f 2492 2515 2493
f 2929 2765 2928
f 2928 2765 2773
f 2928 2773 2528
f 2528 2773 2751
f 2930 2748 2929
f 2929 2748 2917
f 2929 2917 2777
f 2777 2917 2900
f 2919 2576 2930
f 2930 2576 2740
f 2930 2740 2722
f 2722 2740 2723
f 2722 2750 2930
f 2930 2750 2749
f 2930 2749 2748
f 2916 2918 2748
f 2748 2918 2917
f 2777 2776 2929
f 2929 2776 2775
f 2929 2775 2765
f 2772 2774 2765
f 2765 2774 2773
f 2528 2527 2928
f 2928 2527 2526
f 2928 2526 2507
f 2514 2516 2507
f 2507 2516 2515
f 2492 2525 2927
f 2927 2525 2524
f 2927 2524 2523
f 2667 2669 2523
f 2523 2669 2668
f 2650 2678 2926
f 2926 2678 2677
f 2926 2677 2676
f 2878 2880 2676
f 2676 2880 2879
f 2852 2851 2925
f 2925 2851 2850
f 2925 2850 2844
f 2847 2849 2844
f 2844 2849 2848
f 2634 2633 2924
f 2924 2633 2632
f 2924 2632 2613
f 2620 2622 2613
f 2613 2622 2621
f 2598 2631 2923
f 2923 2631 2630
f 2923 2630 2629
f 2703 2705 2629
f 2629 2705 2704
f 2686 2714 2922
f 2922 2714 2713
f 2922 2713 2712
f 2897 2899 2712
f 2712 2899 2898
f 2813 2812 2921
f 2921 2812 2811
f 2921 2811 2801
f 2808 2810 2801
f 2801 2810 2809
f 2581 2580 2920
f 2920 2580 2579
f 2920 2579 2560
f 2567 2569 2560
f 2560 2569 2568
f 2545 2578 2919
f 2919 2578 2577
f 2919 2577 2576
f 2739 2741 2576
f 2576 2741 2740
f 2930 2926 2919
f 2919 2926 2925
f 2919 2925 2920
f 2920 2925 2924
f 2920 2924 2921
f 2921 2924 2923
f 2921 2923 2922
f 2926 2930 2927
f 2927 2930 2929
f 2927 2929 2928
f 2931 2932 2936
f 2936 2932 2935
f 2935 2932 2933
f 2935 2933 2934
f 2942 2937 2941
f 2941 2937 2938
f 2941 2938 2940
f 2940 2938 2939
f 2940 2939 2936
f 2936 2939 2931
f 2943 2944 2954
f 2954 2944 2953
f 2953 2944 2945
f 2953 2945 2952
f 2952 2945 2946
f 2952 2946 2951
f 2951 2946 2947
f 2951 2947 2950
f 2950 2947 2948
f 2950 2948 2949
f 2949 2948 2937
f 2949 2937 2942
f 2954 2953 2956
f 2956 2953 2955
f 2955 2953 2934
f 2934 2953 2935
f 2935 2953 2952
f 2935 2952 2951
f 2935 2951 2936
f 2936 2951 2950
f 2936 2950 2949
f 2942 2941 2949
f 2949 2941 2940
f 2949 2940 2936
f 2967 2933 2964
f 2964 2933 2932
f 2964 2932 2963
f 2963 2932 2962
f 2962 2932 2958
f 2962 2958 2961
f 2961 2958 2960
f 2960 2958 2959
f 2931 2957 2932
f 2932 2957 2958
f 2965 2966 2964
f 2964 2966 2967
f 2937 2948 2974
f 2974 2948 2947
f 2974 2947 2946
f 2974 2946 2973
f 2973 2946 2945
f 2973 2945 2971
f 2971 2945 2944
f 2971 2944 2970
f 2970 2944 2969
f 2969 2944 2968
f 2968 2944 2943
f 2971 2972 2973
f 2975 2976 2980
f 2980 2976 2979
f 2979 2976 2977
f 2979 2977 2978
f 2986 2981 2985
f 2985 2981 2982
f 2985 2982 2984
f 2984 2982 2983
f 2984 2983 2980
f 2980 2983 2975
f 2987 2988 2998
f 2998 2988 2997
f 2997 2988 2989
f 2997 2989 2996
f 2996 2989 2990
f 2996 2990 2995
f 2995 2990 2991
f 2995 2991 2994
f 2994 2991 2992
f 2994 2992 2993
f 2993 2992 2981
f 2993 2981 2986
f 2998 2997 3000
f 3000 2997 2999
f 2999 2997 2978
f 2978 2997 2979
f 2979 2997 2996
f 2979 2996 2995
f 2979 2995 2980
f 2980 2995 2994
f 2980 2994 2993
f 2986 2985 2993
f 2993 2985 2984
f 2993 2984 2980
f 3011 2977 3008
f 3008 2977 2976
f 3008 2976 3007
f 3007 2976 3001
f 3007 3001 3006
f 3006 3001 3002
f 3006 3002 3005
f 3005 3002 3004
f 3004 3002 3003
f 2976 2975 3001
f 3009 3010 3008
f 3008 3010 3011
f 2981 2992 3018
f 3018 2992 2991
f 3018 2991 2990
f 2990 2989 3018
f 3018 2989 3017
f 3017 2989 3015
f 3017 3015 3016
f 2989 2988 3015
f 3015 2988 3014
f 3014 2988 3013
f 3013 2988 3012
f 3012 2988 2987
f 3019 3020 3024
f 3024 3020 3023
f 3023 3020 3021
f 3023 3021 3022
f 3030 3025 3029
f 3029 3025 3026
f 3029 3026 3028
f 3028 3026 3027
f 3028 3027 3024
f 3024 3027 3019
f 3031 3032 3042
f 3042 3032 3041
f 3041 3032 3033
f 3041 3033 3040
f 3040 3033 3034
f 3040 3034 3039
f 3039 3034 3035
f 3039 3035 3038
f 3038 3035 3036
f 3038 3036 3037
f 3037 3036 3025
f 3037 3025 3030
f 3042 3041 3044
f 3044 3041 3023
f 3044 3023 3043
f 3043 3023 3022
f 3041 3040 3023
f 3023 3040 3024
f 3024 3040 3039
f 3024 3039 3038
f 3024 3038 3028
f 3028 3038 3037
f 3028 3037 3029
f 3029 3037 3030
f 3055 3021 3052
f 3052 3021 3020
f 3052 3020 3051
f 3051 3020 3045
f 3051 3045 3046
f 3020 3019 3045
f 3047 3048 3046
f 3046 3048 3049
f 3046 3049 3050
f 3050 3051 3046
f 3053 3054 3052
f 3052 3054 3055
f 3025 3036 3062
f 3062 3036 3035
f 3062 3035 3034
f 3062 3034 3059
f 3059 3034 3033
f 3059 3033 3032
f 3031 3056 3032
f 3032 3056 3057
f 3032 3057 3058
f 3058 3059 3032
f 3060 3061 3059
f 3059 3061 3062
f 3063 3064 3068
f 3068 3064 3067
f 3067 3064 3065
f 3067 3065 3066
f 3073 2959 3072
f 3072 2959 3069
f 3072 3069 3071
f 3071 3069 3070
f 3071 3070 3068
f 3068 3070 3063
f 2965 2964 3079
f 3079 2964 3078
f 3078 2964 2963
f 3078 2963 3077
f 3077 2963 2962
f 3077 2962 3076
f 3076 2962 2961
f 3076 2961 3075
f 3075 2961 2960
f 3075 2960 3074
f 3074 2960 2959
f 3074 2959 3073
f 3079 3078 3081
f 3081 3078 3067
f 3081 3067 3080
f 3080 3067 3066
f 3078 3077 3067
f 3067 3077 3068
f 3068 3077 3076
f 3068 3076 3075
f 3068 3075 3071
f 3071 3075 3074
f 3071 3074 3072
f 3072 3074 3073
f 3092 3065 3089
f 3089 3065 3064
f 3089 3064 3088
f 3088 3064 3082
f 3088 3082 3083
f 3064 3063 3082
f 3084 3085 3083
f 3083 3085 3086
f 3083 3086 3087
f 3087 3088 3083
f 3090 3091 3089
f 3089 3091 3092
f 3093 3094 3098
f 3098 3094 3097
f 3097 3094 3095
f 3097 3095 3096
f 3103 3047 3102
f 3102 3047 3099
f 3102 3099 3101
f 3101 3099 3100
f 3101 3100 3098
f 3098 3100 3093
f 3053 3052 3109
f 3109 3052 3108
f 3108 3052 3051
f 3108 3051 3107
f 3107 3051 3050
f 3107 3050 3106
f 3106 3050 3049
f 3106 3049 3105
f 3105 3049 3048
f 3105 3048 3104
f 3104 3048 3047
f 3104 3047 3103
f 3109 3108 3111
f 3111 3108 3110
f 3110 3108 3096
f 3096 3108 3097
f 3097 3108 3107
f 3097 3107 3106
f 3097 3106 3098
f 3098 3106 3105
f 3098 3105 3104
f 3103 3102 3104
f 3104 3102 3101
f 3104 3101 3098
f 3122 3095 3119
f 3119 3095 3094
f 3119 3094 3118
f 3118 3094 3112
f 3118 3112 3117
f 3117 3112 3113
f 3117 3113 3116
f 3116 3113 3115
f 3115 3113 3114
f 3094 3093 3112
f 3120 3121 3119
f 3119 3121 3122
f 3123 3124 3128
f 3128 3124 3127
f 3127 3124 3125
f 3127 3125 3126
f 3133 3003 3132
f 3132 3003 3129
f 3132 3129 3131
f 3131 3129 3130
f 3131 3130 3128
f 3128 3130 3123
f 3009 3008 3139
f 3139 3008 3138
f 3138 3008 3007
f 3138 3007 3137
f 3137 3007 3006
f 3137 3006 3136
f 3136 3006 3005
f 3136 3005 3135
f 3135 3005 3004
f 3135 3004 3134
f 3134 3004 3003
f 3134 3003 3133
f 3127 3126 3138
f 3138 3126 3140
f 3138 3140 3141
f 3141 3139 3138
f 3138 3137 3127
f 3127 3137 3136
f 3127 3136 3128
f 3128 3136 3135
f 3128 3135 3134
f 3133 3132 3134
f 3134 3132 3131
f 3134 3131 3128
f 3152 3125 3149
f 3149 3125 3124
f 3149 3124 3148
f 3148 3124 3147
f 3147 3124 3143
f 3147 3143 3146
f 3146 3143 3145
f 3145 3143 3144
f 3123 3142 3124
f 3124 3142 3143
f 3150 3151 3149
f 3149 3151 3152
f 2972 2971 3155
f 3155 2971 3154
f 3154 2971 2970
f 3154 2970 3153
f 3161 3156 3160
f 3160 3156 3157
f 3160 3157 3159
f 3159 3157 3158
f 3159 3158 3155
f 3155 3158 2972
f 3162 3163 3173
f 3173 3163 3172
f 3172 3163 3164
f 3172 3164 3171
f 3171 3164 3165
f 3171 3165 3170
f 3170 3165 3166
f 3170 3166 3169
f 3169 3166 3167
f 3169 3167 3168
f 3168 3167 3156
f 3168 3156 3161
f 3173 3172 3175
f 3175 3172 3174
f 3174 3172 3153
f 3153 3172 3154
f 3154 3172 3171
f 3154 3171 3170
f 3154 3170 3155
f 3155 3170 3169
f 3155 3169 3168
f 3161 3160 3168
f 3168 3160 3159
f 3168 3159 3155
f 3156 3167 3182
f 3182 3167 3166
f 3182 3166 3165
f 3165 3164 3182
f 3182 3164 3181
f 3181 3164 3179
f 3181 3179 3180
f 3164 3163 3179
f 3179 3163 3178
f 3178 3163 3177
f 3177 3163 3176
f 3176 3163 3162
f 3016 3015 3185
f 3185 3015 3184
f 3184 3015 3014
f 3184 3014 3183
f 3191 3186 3190
f 3190 3186 3187
f 3190 3187 3189
f 3189 3187 3188
f 3189 3188 3185
f 3185 3188 3016
f 3192 3193 3203
f 3203 3193 3202
f 3202 3193 3194
f 3202 3194 3201
f 3201 3194 3195
f 3201 3195 3200
f 3200 3195 3196
f 3200 3196 3199
f 3199 3196 3197
f 3199 3197 3198
f 3198 3197 3186
f 3198 3186 3191
f 3203 3202 3205
f 3205 3202 3184
f 3205 3184 3204
f 3204 3184 3183
f 3202 3201 3184
f 3184 3201 3185
f 3185 3201 3200
f 3185 3200 3199
f 3185 3199 3189
f 3189 3199 3198
f 3189 3198 3190
f 3190 3198 3191
f 3186 3197 3212
f 3212 3197 3196
f 3212 3196 3195
f 3212 3195 3209
f 3209 3195 3194
f 3209 3194 3193
f 3192 3206 3193
f 3193 3206 3207
f 3193 3207 3208
f 3208 3209 3193
f 3210 3211 3209
f 3209 3211 3212
f 3060 3059 3215
f 3215 3059 3214
f 3214 3059 3058
f 3214 3058 3213
f 3221 3216 3220
f 3220 3216 3217
f 3220 3217 3219
f 3219 3217 3218
f 3219 3218 3215
f 3215 3218 3060
f 3222 3223 3233
f 3233 3223 3232
f 3232 3223 3224
f 3232 3224 3231
f 3231 3224 3225
f 3231 3225 3230
f 3230 3225 3226
f 3230 3226 3229
f 3229 3226 3227
f 3229 3227 3228
f 3228 3227 3216
f 3228 3216 3221
f 3233 3232 3235
f 3235 3232 3234
f 3234 3232 3213
f 3213 3232 3214
f 3214 3232 3231
f 3214 3231 3230
f 3214 3230 3215
f 3215 3230 3229
f 3215 3229 3228
f 3221 3220 3228
f 3228 3220 3219
f 3228 3219 3215
f 3216 3227 3242
f 3242 3227 3226
f 3242 3226 3225
f 3242 3225 3241
f 3241 3225 3224
f 3241 3224 3239
f 3239 3224 3223
f 3239 3223 3238
f 3238 3223 3237
f 3237 3223 3236
f 3236 3223 3222
f 3239 3240 3241
f 3240 3239 3245
f 3245 3239 3244
f 3244 3239 3238
f 3244 3238 3243
f 3250 3084 3249
f 3249 3084 3246
f 3249 3246 3248
f 3248 3246 3247
f 3248 3247 3245
f 3245 3247 3240
f 3090 3089 3256
f 3256 3089 3255
f 3255 3089 3088
f 3255 3088 3254
f 3254 3088 3087
f 3254 3087 3253
f 3253 3087 3086
f 3253 3086 3252
f 3252 3086 3085
f 3252 3085 3251
f 3251 3085 3084
f 3251 3084 3250
f 3256 3255 3258
f 3258 3255 3257
f 3257 3255 3243
f 3243 3255 3244
f 3244 3255 3254
f 3244 3254 3253
f 3244 3253 3245
f 3245 3253 3252
f 3245 3252 3251
f 3250 3249 3251
f 3251 3249 3248
f 3251 3248 3245
f 3210 3209 3261
f 3261 3209 3260
f 3260 3209 3208
f 3260 3208 3259
f 3266 3114 3265
f 3265 3114 3262
f 3265 3262 3264
f 3264 3262 3263
f 3264 3263 3261
f 3261 3263 3210
f 3120 3119 3272
f 3272 3119 3271
f 3271 3119 3118
f 3271 3118 3270
f 3270 3118 3117
f 3270 3117 3269
f 3269 3117 3116
f 3269 3116 3268
f 3268 3116 3115
f 3268 3115 3267
f 3267 3115 3114
f 3267 3114 3266
f 3272 3271 3274
f 3274 3271 3273
f 3273 3271 3259
f 3259 3271 3260
f 3260 3271 3270
f 3260 3270 3269
f 3260 3269 3261
f 3261 3269 3268
f 3261 3268 3267
f 3266 3265 3267
f 3267 3265 3264
f 3267 3264 3261
f 3180 3179 3277
f 3277 3179 3276
f 3276 3179 3178
f 3276 3178 3275
f 3282 3144 3281
f 3281 3144 3278
f 3281 3278 3280
f 3280 3278 3279
f 3280 3279 3277
f 3277 3279 3180
f 3150 3149 3288
f 3288 3149 3287
f 3287 3149 3148
f 3287 3148 3286
f 3286 3148 3147
f 3286 3147 3285
f 3285 3147 3146
f 3285 3146 3284
f 3284 3146 3145
f 3284 3145 3283
f 3283 3145 3144
f 3283 3144 3282
f 3288 3287 3290
f 3290 3287 3276
f 3290 3276 3289
f 3289 3276 3275
f 3287 3286 3276
f 3276 3286 3277
f 3277 3286 3285
f 3277 3285 3284
f 3277 3284 3280
f 3280 3284 3283
f 3280 3283 3281
f 3281 3283 3282
f 3292 2943 3291
f 3291 2943 2955
f 3291 2955 2933
f 2933 2955 2934
f 3293 3162 3292
f 3292 3162 3174
f 3292 3174 2970
f 2970 3174 3153
f 3294 3150 3293
f 3293 3150 3289
f 3293 3289 3178
f 3178 3289 3275
f 3295 3009 3294
f 3294 3009 3140
f 3294 3140 3125
f 3125 3140 3126
f 3296 2987 3295
f 3295 2987 2999
f 3295 2999 2977
f 2977 2999 2978
f 3297 3192 3296
f 3296 3192 3204
f 3296 3204 3014
f 3014 3204 3183
f 3298 3120 3297
f 3297 3120 3273
f 3297 3273 3208
f 3208 3273 3259
f 3299 3053 3298
f 3298 3053 3110
f 3298 3110 3095
f 3095 3110 3096
f 3300 3031 3299
f 3299 3031 3043
f 3299 3043 3021
f 3021 3043 3022
f 3301 3222 3300
f 3300 3222 3234
f 3300 3234 3058
f 3058 3234 3213
f 3302 3090 3301
f 3301 3090 3257
f 3301 3257 3238
f 3238 3257 3243
f 3291 2965 3302
f 3302 2965 3080
f 3302 3080 3065
f 3065 3080 3066
f 3125 3152 3294
f 3294 3152 3151
f 3294 3151 3150
f 3288 3290 3150
f 3150 3290 3289
f 3178 3177 3293
f 3293 3177 3176
f 3293 3176 3162
f 3173 3175 3162
f 3162 3175 3174
f 2970 2969 3292
f 3292 2969 2968
f 3292 2968 2943
f 2954 2956 2943
f 2943 2956 2955
f 2933 2967 3291
f 3291 2967 2966
f 3291 2966 2965
f 3079 3081 2965
f 2965 3081 3080
f 3065 3092 3302
f 3302 3092 3091
f 3302 3091 3090
f 3256 3258 3090
f 3090 3258 3257
f 3238 3237 3301
f 3301 3237 3236
f 3301 3236 3222
f 3233 3235 3222
f 3222 3235 3234
f 3058 3057 3300
f 3300 3057 3056
f 3300 3056 3031
f 3042 3044 3031
f 3031 3044 3043
f 3021 3055 3299
f 3299 3055 3054
f 3299 3054 3053
f 3109 3111 3053
f 3053 3111 3110
f 3095 3122 3298
f 3298 3122 3121
f 3298 3121 3120
f 3272 3274 3120
f 3120 3274 3273
f 3208 3207 3297
f 3297 3207 3206
f 3297 3206 3192
f 3203 3205 3192
f 3192 3205 3204
f 3014 3013 3296
f 3296 3013 3012
f 3296 3012 2987
f 2998 3000 2987
f 2987 3000 2999
f 2977 3011 3295
f 3295 3011 3010
f 3295 3010 3009
f 3139 3141 3009
f 3009 3141 3140
f 3302 3298 3291
f 3291 3298 3297
f 3291 3297 3292
f 3292 3297 3296
f 3292 3296 3293
f 3293 3296 3295
f 3293 3295 3294
f 3298 3302 3299
f 3299 3302 3301
f 3299 3301 3300
f 3331 3303 3363
f 3363 3303 3304
f 3363 3304 3360
f 3360 3304 3305
f 3360 3305 3364
f 3364 3305 3306
f 3364 3306 3366
f 3366 3306 3307
f 3366 3307 3368
f 3368 3307 3308
f 3368 3308 3370
f 3370 3308 3309
f 3370 3309 3372
f 3372 3309 3310
f 3372 3310 3374
f 3374 3310 3311
f 3374 3311 3376
f 3376 3311 3312
f 3376 3312 3378
f 3378 3312 3313
f 3378 3313 3380
f 3380 3313 3314
f 3380 3314 3382
f 3382 3314 3315
f 3382 3315 3384
f 3384 3315 3316
f 3384 3316 3386
f 3386 3316 3317
f 3386 3317 3358
f 3358 3317 3318
f 3358 3318 3388
f 3388 3318 3319
f 3388 3319 3390
f 3390 3319 3320
f 3390 3320 3392
f 3392 3320 3321
f 3392 3321 3394
f 3394 3321 3322
f 3394 3322 3396
f 3396 3322 3323
f 3396 3323 3398
f 3398 3323 3324
f 3398 3324 3400
f 3400 3324 3325
f 3400 3325 3402
f 3402 3325 3326
f 3402 3326 3404
f 3404 3326 3327
f 3404 3327 3406
f 3406 3327 3328
f 3406 3328 3408
f 3408 3328 3329
f 3408 3329 3410
f 3410 3329 3330
f 3410 3330 3412
f 3412 3330 3331
f 3412 3331 3363
f 3333 3413 3332
f 3332 3413 3362
f 3332 3362 3361
f 3361 3362 3363
f 3361 3363 3360
f 3413 3333 3411
f 3411 3333 3334
f 3411 3334 3409
f 3409 3334 3335
f 3409 3335 3407
f 3407 3335 3336
f 3407 3336 3405
f 3405 3336 3337
f 3405 3337 3403
f 3403 3337 3338
f 3403 3338 3401
f 3401 3338 3339
f 3401 3339 3399
f 3399 3339 3340
f 3399 3340 3397
f 3397 3340 3341
f 3397 3341 3395
f 3395 3341 3342
f 3395 3342 3393
f 3393 3342 3343
f 3393 3343 3391
f 3391 3343 3344
f 3391 3344 3389
f 3389 3344 3345
f 3389 3345 3359
f 3359 3345 3387
f 3359 3387 3386
f 3386 3387 3384
f 3345 3346 3387
f 3387 3346 3385
f 3387 3385 3384
f 3384 3385 3382
f 3346 3347 3385
f 3385 3347 3383
f 3385 3383 3382
f 3382 3383 3380
f 3347 3348 3383
f 3383 3348 3381
f 3383 3381 3380
f 3380 3381 3378
f 3348 3349 3381
f 3381 3349 3379
f 3381 3379 3378
f 3378 3379 3376
f 3349 3350 3379
f 3379 3350 3377
f 3379 3377 3376
f 3376 3377 3374
f 3350 3351 3377
f 3377 3351 3375
f 3377 3375 3374
f 3374 3375 3372
f 3351 3352 3375
f 3375 3352 3373
f 3375 3373 3372
f 3372 3373 3370
f 3352 3353 3373
f 3373 3353 3371
f 3373 3371 3370
f 3370 3371 3368
f 3353 3354 3371
f 3371 3354 3369
f 3371 3369 3368
f 3368 3369 3366
f 3354 3355 3369
f 3369 3355 3367
f 3369 3367 3366
f 3366 3367 3364
f 3355 3356 3367
f 3367 3356 3365
f 3367 3365 3364
f 3364 3365 3360
f 3356 3357 3365
f 3365 3357 3361
f 3365 3361 3360
f 3357 3332 3361
f 3389 3359 3358
f 3358 3359 3386
f 3412 3363 3362
f 3412 3362 3413
f 3391 3389 3388
f 3388 3389 3358
f 3393 3391 3390
f 3390 3391 3388
f 3395 3393 3392
f 3392 3393 3390
f 3397 3395 3394
f 3394 3395 3392
f 3399 3397 3396
f 3396 3397 3394
f 3401 3399 3398
f 3398 3399 3396
f 3403 3401 3400
f 3400 3401 3398
f 3405 3403 3402
f 3402 3403 3400
f 3407 3405 3404
f 3404 3405 3402
f 3409 3407 3406
f 3406 3407 3404
f 3411 3409 3408
f 3408 3409 3406
f 3413 3411 3410
f 3410 3411 3408
f 3412 3413 3410
f 3415 3304 3414
f 3414 3304 3303
f 3414 3303 3442
f 3442 3303 3331
f 3442 3331 3330
f 3415 3416 3304
f 3304 3416 3305
f 3305 3416 3417
f 3305 3417 3306
f 3306 3417 3418
f 3306 3418 3307
f 3307 3418 3419
f 3307 3419 3308
f 3308 3419 3420
f 3308 3420 3309
f 3309 3420 3421
f 3309 3421 3310
f 3310 3421 3422
f 3310 3422 3311
f 3311 3422 3423
f 3311 3423 3312
f 3312 3423 3424
f 3312 3424 3313
f 3313 3424 3425
f 3313 3425 3314
f 3314 3425 3426
f 3314 3426 3315
f 3315 3426 3427
f 3315 3427 3316
f 3316 3427 3428
f 3316 3428 3317
f 3317 3428 3429
f 3317 3429 3318
f 3318 3429 3430
f 3318 3430 3319
f 3319 3430 3431
f 3319 3431 3320
f 3320 3431 3432
f 3320 3432 3321
f 3321 3432 3433
f 3321 3433 3322
f 3322 3433 3434
f 3322 3434 3323
f 3323 3434 3435
f 3323 3435 3324
f 3324 3435 3436
f 3324 3436 3325
f 3325 3436 3437
f 3325 3437 3326
f 3326 3437 3438
f 3326 3438 3327
f 3327 3438 3439
f 3327 3439 3328
f 3328 3439 3440
f 3328 3440 3329
f 3329 3440 3441
f 3329 3441 3330
f 3330 3441 3442
f 3444 3346 3443
f 3443 3346 3345
f 3443 3345 3344
f 3346 3444 3347
f 3347 3444 3445
f 3347 3445 3348
f 3348 3445 3349
f 3349 3445 3446
f 3349 3446 3350
f 3350 3446 3447
f 3350 3447 3351
f 3351 3447 3448
f 3351 3448 3352
f 3352 3448 3353
f 3353 3448 3449
f 3353 3449 3354
f 3354 3449 3450
f 3354 3450 3355
f 3355 3450 3356
f 3356 3450 3451
f 3356 3451 3357
f 3357 3451 3452
f 3357 3452 3332
f 3332 3452 3333
f 3333 3452 3453
f 3333 3453 3334
f 3334 3453 3454
f 3334 3454 3335
f 3335 3454 3336
f 3336 3454 3455
f 3336 3455 3337
f 3337 3455 3456
f 3337 3456 3338
f 3338 3456 3457
f 3338 3457 3339
f 3339 3457 3340
f 3340 3457 3458
f 3340 3458 3341
f 3341 3458 3459
f 3341 3459 3342
f 3342 3459 3343
f 3343 3459 3460
f 3343 3460 3344
f 3344 3460 3443
f 3489 3461 3516
f 3516 3461 3462
f 3516 3462 3518
f 3518 3462 3463
f 3518 3463 3520
f 3520 3463 3464
f 3520 3464 3522
f 3522 3464 3465
f 3522 3465 3524
f 3524 3465 3466
f 3524 3466 3526
f 3526 3466 3467
f 3526 3467 3528
f 3528 3467 3468
f 3528 3468 3530
f 3530 3468 3469
f 3530 3469 3532
f 3532 3469 3470
f 3532 3470 3534
f 3534 3470 3471
f 3534 3471 3536
f 3536 3471 3472
f 3536 3472 3538
f 3538 3472 3473
f 3538 3473 3540
f 3540 3473 3474
f 3540 3474 3542
f 3542 3474 3475
f 3542 3475 3544
f 3544 3475 3476
f 3544 3476 3546
f 3546 3476 3477
f 3546 3477 3548
f 3548 3477 3478
f 3548 3478 3550
f 3550 3478 3479
f 3550 3479 3552
f 3552 3479 3480
f 3552 3480 3554
f 3554 3480 3481
f 3554 3481 3556
f 3556 3481 3482
f 3556 3482 3558
f 3558 3482 3483
f 3558 3483 3560
f 3560 3483 3484
f 3560 3484 3562
f 3562 3484 3485
f 3562 3485 3564
f 3564 3485 3486
f 3564 3486 3566
f 3566 3486 3487
f 3566 3487 3568
f 3568 3487 3488
f 3568 3488 3570
f 3570 3488 3489
f 3570 3489 3516
f 3491 3571 3490
f 3490 3571 3517
f 3490 3517 3519
f 3519 3517 3516
f 3519 3516 3518
f 3571 3491 3569
f 3569 3491 3492
f 3569 3492 3567
f 3567 3492 3493
f 3567 3493 3565
f 3565 3493 3494
f 3565 3494 3563
f 3563 3494 3495
f 3563 3495 3561
f 3561 3495 3496
f 3561 3496 3559
f 3559 3496 3497
f 3559 3497 3557
f 3557 3497 3498
f 3557 3498 3555
f 3555 3498 3499
f 3555 3499 3553
f 3553 3499 3500
f 3553 3500 3551
f 3551 3500 3501
f 3551 3501 3549
f 3549 3501 3502
f 3549 3502 3547
f 3547 3502 3503
f 3547 3503 3545
f 3545 3503 3543
f 3545 3543 3542
f 3542 3543 3540
f 3503 3504 3543
f 3543 3504 3541
f 3543 3541 3540
f 3540 3541 3538
f 3504 3505 3541
f 3541 3505 3539
f 3541 3539 3538
f 3538 3539 3536
f 3505 3506 3539
f 3539 3506 3537
f 3539 3537 3536
f 3536 3537 3534
f 3506 3507 3537
f 3537 3507 3535
f 3537 3535 3534
f 3534 3535 3532
f 3507 3508 3535
f 3535 3508 3533
f 3535 3533 3532
f 3532 3533 3530
f 3508 3509 3533
f 3533 3509 3531
f 3533 3531 3530
f 3530 3531 3528
f 3509 3510 3531
f 3531 3510 3529
f 3531 3529 3528
f 3528 3529 3526
f 3510 3511 3529
f 3529 3511 3527
f 3529 3527 3526
f 3526 3527 3524
f 3511 3512 3527
f 3527 3512 3525
f 3527 3525 3524
f 3524 3525 3522
f 3512 3513 3525
f 3525 3513 3523
f 3525 3523 3522
f 3522 3523 3520
f 3513 3514 3523
f 3523 3514 3521
f 3523 3521 3520
f 3520 3521 3518
f 3514 3515 3521
f 3521 3515 3519
f 3521 3519 3518
f 3515 3490 3519
f 3516 3517 3570
f 3570 3517 3571
f 3570 3571 3568
f 3568 3571 3569
f 3568 3569 3566
f 3566 3569 3567
f 3566 3567 3564
f 3564 3567 3565
f 3564 3565 3562
f 3562 3565 3563
f 3562 3563 3560
f 3560 3563 3561
f 3560 3561 3558
f 3558 3561 3559
f 3558 3559 3556
f 3556 3559 3557
f 3556 3557 3554
f 3554 3557 3555
f 3554 3555 3552
f 3552 3555 3553
f 3552 3553 3550
f 3550 3553 3551
f 3550 3551 3548
f 3548 3551 3549
f 3548 3549 3546
f 3546 3549 3547
f 3546 3547 3544
f 3544 3547 3545
f 3544 3545 3542
f 3573 3462 3572
f 3572 3462 3461
f 3572 3461 3600
f 3600 3461 3489
f 3600 3489 3488
f 3573 3574 3462
f 3462 3574 3463
f 3463 3574 3575
f 3463 3575 3464
f 3464 3575 3576
f 3464 3576 3465
f 3465 3576 3577
f 3465 3577 3466
f 3466 3577 3578
f 3466 3578 3467
f 3467 3578 3579
f 3467 3579 3468
f 3468 3579 3580
f 3468 3580 3469
f 3469 3580 3581
f 3469 3581 3470
f 3470 3581 3582
f 3470 3582 3471
f 3471 3582 3583
f 3471 3583 3472
f 3472 3583 3584
f 3472 3584 3473
f 3473 3584 3585
f 3473 3585 3474
f 3474 3585 3586
f 3474 3586 3475
f 3475 3586 3587
f 3475 3587 3476
f 3476 3587 3588
f 3476 3588 3477
f 3477 3588 3589
f 3477 3589 3478
f 3478 3589 3590
f 3478 3590 3479
f 3479 3590 3591
f 3479 3591 3480
f 3480 3591 3592
f 3480 3592 3481
f 3481 3592 3593
f 3481 3593 3482
f 3482 3593 3594
f 3482 3594 3483
f 3483 3594 3595
f 3483 3595 3484
f 3484 3595 3596
f 3484 3596 3485
f 3485 3596 3597
f 3485 3597 3486
f 3486 3597 3598
f 3486 3598 3487
f 3487 3598 3599
f 3487 3599 3488
f 3488 3599 3600
f 3602 3504 3601
f 3601 3504 3503
f 3601 3503 3502
f 3504 3602 3505
f 3505 3602 3603
f 3505 3603 3506
f 3506 3603 3507
f 3507 3603 3604
f 3507 3604 3508
f 3508 3604 3605
f 3508 3605 3509
f 3509 3605 3606
f 3509 3606 3510
f 3510 3606 3511
f 3511 3606 3607
f 3511 3607 3512
f 3512 3607 3608
f 3512 3608 3513
f 3513 3608 3514
f 3514 3608 3609
f 3514 3609 3515
f 3515 3609 3610
f 3515 3610 3490
f 3490 3610 3491
f 3491 3610 3611
f 3491 3611 3492
f 3492 3611 3612
f 3492 3612 3493
f 3493 3612 3494
f 3494 3612 3613
f 3494 3613 3495
f 3495 3613 3614
f 3495 3614 3496
f 3496 3614 3615
f 3496 3615 3497
f 3497 3615 3498
f 3498 3615 3616
f 3498 3616 3499
f 3499 3616 3617
f 3499 3617 3500
f 3500 3617 3501
f 3501 3617 3618
f 3501 3618 3502
f 3502 3618 3601
f 3573 3572 3624
f 3624 3572 3600
f 3624 3600 3621
f 3621 3600 3599
f 3621 3599 3625
f 3625 3599 3598
f 3625 3598 3627
f 3627 3598 3597
f 3627 3597 3629
f 3629 3597 3596
f 3629 3596 3631
f 3631 3596 3595
f 3631 3595 3633
f 3633 3595 3594
f 3633 3594 3635
f 3635 3594 3593
f 3635 3593 3637
f 3637 3593 3592
f 3637 3592 3639
f 3639 3592 3591
f 3639 3591 3641
f 3641 3591 3590
f 3641 3590 3643
f 3643 3590 3589
f 3643 3589 3645
f 3645 3589 3588
f 3645 3588 3647
f 3647 3588 3587
f 3647 3587 3619
f 3619 3587 3586
f 3619 3586 3649
f 3649 3586 3585
f 3649 3585 3651
f 3651 3585 3584
f 3651 3584 3653
f 3653 3584 3583
f 3653 3583 3655
f 3655 3583 3582
f 3655 3582 3657
f 3657 3582 3581
f 3657 3581 3659
f 3659 3581 3580
f 3659 3580 3661
f 3661 3580 3579
f 3661 3579 3663
f 3663 3579 3578
f 3663 3578 3665
f 3665 3578 3577
f 3665 3577 3667
f 3667 3577 3576
f 3667 3576 3669
f 3669 3576 3575
f 3669 3575 3671
f 3671 3575 3574
f 3671 3574 3673
f 3673 3574 3573
f 3673 3573 3624
f 2908 2744 3658
f 3658 2744 2743
f 3658 2743 3656
f 3656 2743 2742
f 3656 2742 3654
f 3654 2742 2715
f 3654 2715 2732
f 2732 2731 3654
f 3654 2731 2572
f 3654 2572 3652
f 3652 2572 2571
f 3652 2571 3650
f 3650 2571 2570
f 3650 2570 2538
f 3650 2538 3620
f 3620 2538 2556
f 3620 2556 2555
f 2555 2554 3620
f 3620 2554 2590
f 3620 2590 3648
f 3648 2590 2589
f 3648 2589 3646
f 3646 2589 2588
f 3646 2588 2797
f 2797 2796 3646
f 3646 2796 2795
f 3646 2795 2822
f 3646 2822 3644
f 3644 2822 2821
f 3644 2821 3642
f 3642 2821 2820
f 3642 2820 2890
f 2890 2889 3642
f 3642 2889 2708
f 3642 2708 3640
f 3640 2708 2707
f 3640 2707 3638
f 3638 2707 2706
f 3638 2706 2679
f 3638 2679 3636
f 3636 2679 2696
f 3636 2696 2695
f 2695 2625 3636
f 3636 2625 2624
f 3636 2624 3634
f 3634 2624 2623
f 3634 2623 3632
f 3632 2623 2591
f 3632 2591 2609
f 2609 2608 3632
f 3632 2608 2607
f 3632 2607 2642
f 3632 2642 3630
f 3630 2642 2641
f 3630 2641 3628
f 3628 2641 2640
f 3628 2640 2832
f 2832 2831 3628
f 3628 2831 2830
f 3628 2830 3626
f 3626 2830 2861
f 3626 2861 3622
f 3622 2861 2860
f 3622 2860 2859
f 3622 2859 3623
f 3623 2859 2871
f 3623 2871 2870
f 2870 2672 3623
f 3623 2672 2671
f 3623 2671 3674
f 3674 2671 2670
f 3674 2670 3672
f 3672 2670 2643
f 3672 2643 2660
f 2660 2659 3672
f 3672 2659 2519
f 3672 2519 2518
f 3672 2518 3670
f 3670 2518 2517
f 3670 2517 3668
f 3668 2517 2485
f 3668 2485 2503
f 2503 2502 3668
f 3668 2502 2501
f 3668 2501 3666
f 3666 2501 2537
f 3666 2537 3664
f 3664 2537 2536
f 3664 2536 2535
f 3664 2535 3662
f 3662 2535 2761
f 3662 2761 2760
f 2760 2759 3662
f 3662 2759 2786
f 3662 2786 3660
f 3660 2786 2785
f 3660 2785 3658
f 3658 2785 2784
f 3658 2784 2909
f 2909 2908 3658
f 3619 3620 3647
f 3647 3620 3648
f 3647 3648 3645
f 3645 3648 3646
f 3645 3646 3643
f 3643 3646 3644
f 3643 3644 3641
f 3641 3644 3642
f 3641 3642 3639
f 3639 3642 3640
f 3639 3640 3637
f 3637 3640 3638
f 3637 3638 3635
f 3635 3638 3636
f 3635 3636 3633
f 3633 3636 3634
f 3633 3634 3631
f 3631 3634 3632
f 3631 3632 3629
f 3629 3632 3630
f 3629 3630 3627
f 3627 3630 3628
f 3627 3628 3625
f 3625 3628 3626
f 3625 3626 3621
f 3621 3626 3622
f 3621 3622 3624
f 3624 3622 3623
f 3624 3623 3673
f 3673 3623 3674
f 3673 3674 3671
f 3671 3674 3672
f 3671 3672 3669
f 3669 3672 3670
f 3669 3670 3667
f 3667 3670 3668
f 3667 3668 3665
f 3665 3668 3666
f 3665 3666 3663
f 3663 3666 3664
f 3663 3664 3661
f 3661 3664 3662
f 3661 3662 3659
f 3659 3662 3660
f 3659 3660 3657
f 3657 3660 3658
f 3657 3658 3655
f 3655 3658 3656
f 3655 3656 3653
f 3653 3656 3654
f 3653 3654 3651
f 3651 3654 3652
f 3651 3652 3649
f 3649 3652 3650
f 3649 3650 3619
f 3619 3650 3620
f 3415 3414 3675
f 3675 3414 3442
f 3675 3442 3677
f 3677 3442 3441
f 3677 3441 3679
f 3679 3441 3440
f 3679 3440 3681
f 3681 3440 3439
f 3681 3439 3683
f 3683 3439 3438
f 3683 3438 3685
f 3685 3438 3437
f 3685 3437 3687
f 3687 3437 3436
f 3687 3436 3689
f 3689 3436 3435
f 3689 3435 3691
f 3691 3435 3434
f 3691 3434 3693
f 3693 3434 3433
f 3693 3433 3695
f 3695 3433 3432
f 3695 3432 3697
f 3697 3432 3431
f 3697 3431 3699
f 3699 3431 3430
f 3699 3430 3701
f 3701 3430 3429
f 3701 3429 3703
f 3703 3429 3428
f 3703 3428 3705
f 3705 3428 3427
f 3705 3427 3707
f 3707 3427 3426
f 3707 3426 3709
f 3709 3426 3425
f 3709 3425 3711
f 3711 3425 3424
f 3711 3424 3713
f 3713 3424 3423
f 3713 3423 3715
f 3715 3423 3422
f 3715 3422 3717
f 3717 3422 3421
f 3717 3421 3719
f 3719 3421 3420
f 3719 3420 3721
f 3721 3420 3419
f 3721 3419 3723
f 3723 3419 3418
f 3723 3418 3725
f 3725 3418 3417
f 3725 3417 3727
f 3727 3417 3416
f 3727 3416 3729
f 3729 3416 3415
f 3729 3415 3675
f 3143 3716 3144
f 3144 3716 3718
f 3144 3718 3278
f 3278 3718 3279
f 3279 3718 3180
f 3180 3718 3181
f 3181 3718 3720
f 3181 3720 3182
f 3182 3720 3722
f 3182 3722 3156
f 3156 3722 3157
f 3157 3722 3158
f 3158 3722 2972
f 2972 3722 2973
f 2973 3722 3724
f 2973 3724 2974
f 2974 3724 3726
f 2974 3726 2937
f 2937 3726 2938
f 2938 3726 2939
f 2939 3726 2931
f 2931 3726 3728
f 2931 3728 2957
f 2957 3728 3730
f 2957 3730 2958
f 2958 3730 2959
f 2959 3730 3676
f 2959 3676 3069
f 3069 3676 3070
f 3070 3676 3063
f 3063 3676 3082
f 3082 3676 3678
f 3082 3678 3083
f 3083 3678 3680
f 3083 3680 3084
f 3084 3680 3246
f 3246 3680 3247
f 3247 3680 3240
f 3240 3680 3241
f 3241 3680 3682
f 3241 3682 3242
f 3242 3682 3684
f 3242 3684 3216
f 3216 3684 3217
f 3217 3684 3218
f 3218 3684 3060
f 3060 3684 3686
f 3060 3686 3061
f 3061 3686 3688
f 3061 3688 3062
f 3062 3688 3025
f 3025 3688 3690
f 3025 3690 3026
f 3026 3690 3027
f 3027 3690 3019
f 3019 3690 3045
f 3045 3690 3692
f 3045 3692 3046
f 3046 3692 3694
f 3046 3694 3047
f 3047 3694 3099
f 3099 3694 3100
f 3100 3694 3093
f 3093 3694 3112
f 3112 3694 3696
f 3112 3696 3113
f 3113 3696 3698
f 3113 3698 3114
f 3114 3698 3262
f 3262 3698 3263
f 3263 3698 3210
f 3210 3698 3700
f 3210 3700 3211
f 3211 3700 3702
f 3211 3702 3212
f 3212 3702 3186
f 3186 3702 3704
f 3186 3704 3187
f 3187 3704 3188
f 3188 3704 3016
f 3016 3704 3017
f 3017 3704 3706
f 3017 3706 3018
f 3018 3706 3708
f 3018 3708 2981
f 2981 3708 2982
f 2982 3708 2983
f 2983 3708 2975
f 2975 3708 3001
f 3001 3708 3710
f 3001 3710 3002
f 3002 3710 3712
f 3002 3712 3003
f 3003 3712 3129
f 3129 3712 3130
f 3130 3712 3123
f 3123 3712 3714
f 3123 3714 3142
f 3142 3714 3716
f 3142 3716 3143
f 3675 3676 3729
f 3729 3676 3730
f 3729 3730 3727
f 3727 3730 3728
f 3727 3728 3725
f 3725 3728 3726
f 3725 3726 3723
f 3723 3726 3724
f 3723 3724 3721
f 3721 3724 3722
f 3721 3722 3719
f 3719 3722 3720
f 3719 3720 3717
f 3717 3720 3718
f 3717 3718 3715
f 3715 3718 3716
f 3715 3716 3713
f 3713 3716 3714
f 3713 3714 3711
f 3711 3714 3712
f 3711 3712 3709
f 3709 3712 3710
f 3709 3710 3707
f 3707 3710 3708
f 3707 3708 3705
f 3705 3708 3706
f 3705 3706 3703
f 3703 3706 3704
f 3703 3704 3701
f 3701 3704 3702
f 3701 3702 3699
f 3699 3702 3700
f 3699 3700 3697
f 3697 3700 3698
f 3697 3698 3695
f 3695 3698 3696
f 3695 3696 3693
f 3693 3696 3694
f 3693 3694 3691
f 3691 3694 3692
f 3691 3692 3689
f 3689 3692 3690
f 3689 3690 3687
f 3687 3690 3688
f 3687 3688 3685
f 3685 3688 3686
f 3685 3686 3683
f 3683 3686 3684
f 3683 3684 3681
f 3681 3684 3682
f 3681 3682 3679
f 3679 3682 3680
f 3679 3680 3677
f 3677 3680 3678
f 3677 3678 3675
f 3675 3678 3676
f 3618 3444 3601
f 3601 3444 3443
f 3601 3443 3602
f 3602 3443 3460
f 3602 3460 3603
f 3603 3460 3459
f 3603 3459 3604
f 3604 3459 3458
f 3604 3458 3605
f 3605 3458 3457
f 3605 3457 3606
f 3606 3457 3456
f 3606 3456 3607
f 3607 3456 3455
f 3607 3455 3608
f 3608 3455 3454
f 3608 3454 3609
f 3609 3454 3453
f 3609 3453 3610
f 3610 3453 3452
f 3610 3452 3611
f 3611 3452 3451
f 3611 3451 3612
f 3612 3451 3450
f 3612 3450 3613
f 3613 3450 3449
f 3613 3449 3614
f 3614 3449 3448
f 3614 3448 3615
f 3615 3448 3447
f 3615 3447 3616
f 3616 3447 3446
f 3616 3446 3617
f 3617 3446 3445
f 3617 3445 3618
f 3618 3445 3444
f 3731 3732 3736
f 3736 3732 3735
f 3735 3732 3733
f 3735 3733 3734
f 3737 3738 3742
f 3742 3738 3741
f 3741 3738 3739
f 3741 3739 3740
f 3740 3739 3731
f 3740 3731 3736
f 3743 3744 3750
f 3750 3744 3749
f 3749 3744 3745
f 3749 3745 3748
f 3748 3745 3746
f 3748 3746 3747
f 3747 3746 3737
f 3747 3737 3742
f 3751 3752 3760
f 3760 3752 3759
f 3759 3752 3753
f 3759 3753 3758
f 3758 3753 3754
f 3758 3754 3757
f 3757 3754 3755
f 3757 3755 3756
f 3756 3755 3743
f 3756 3743 3750
f 3761 3762 3764
f 3764 3762 3763
f 3763 3762 3751
f 3763 3751 3760
f 3765 3766 3780
f 3780 3766 3779
f 3779 3766 3767
f 3779 3767 3778
f 3778 3767 3768
f 3778 3768 3777
f 3777 3768 3769
f 3777 3769 3776
f 3776 3769 3770
f 3776 3770 3775
f 3775 3770 3771
f 3775 3771 3774
f 3774 3771 3772
f 3774 3772 3773
f 3773 3772 3761
f 3773 3761 3764
f 3781 3782 3796
f 3796 3782 3795
f 3795 3782 3783
f 3795 3783 3794
f 3794 3783 3784
f 3794 3784 3793
f 3793 3784 3785
f 3793 3785 3792
f 3792 3785 3786
f 3792 3786 3791
f 3791 3786 3787
f 3791 3787 3790
f 3790 3787 3788
f 3790 3788 3789
f 3789 3788 3765
f 3789 3765 3780
f 3797 3798 3812
f 3812 3798 3811
f 3811 3798 3799
f 3811 3799 3810
f 3810 3799 3800
f 3810 3800 3809
f 3809 3800 3801
f 3809 3801 3808
f 3808 3801 3802
f 3808 3802 3807
f 3807 3802 3803
f 3807 3803 3806
f 3806 3803 3804
f 3806 3804 3805
f 3805 3804 3781
f 3805 3781 3796
f 3733 3813 3734
f 3734 3813 3814
f 3814 3813 3797
f 3814 3797 3812
f 3814 3811 3734
f 3734 3811 3810
f 3734 3810 3735
f 3735 3810 3809
f 3735 3809 3736
f 3736 3809 3740
f 3740 3809 3808
f 3740 3808 3741
f 3741 3808 3742
f 3742 3808 3747
f 3747 3808 3748
f 3748 3808 3807
f 3748 3807 3749
f 3749 3807 3750
f 3750 3807 3806
f 3750 3806 3756
f 3756 3806 3780
f 3756 3780 3757
f 3757 3780 3779
f 3757 3779 3758
f 3758 3779 3778
f 3758 3778 3759
f 3759 3778 3777
f 3759 3777 3760
f 3760 3777 3776
f 3760 3776 3775
f 3814 3812 3811
f 3805 3790 3806
f 3806 3790 3789
f 3806 3789 3780
f 3796 3795 3805
f 3805 3795 3794
f 3805 3794 3793
f 3793 3792 3805
f 3805 3792 3791
f 3805 3791 3790
f 3760 3775 3763
f 3763 3775 3774
f 3763 3774 3773
f 3773 3764 3763
f 3797 3813 3798
f 3798 3813 3733
f 3798 3733 3799
f 3799 3733 3732
f 3799 3732 3800
f 3800 3732 3731
f 3800 3731 3739
f 3800 3739 3801
f 3801 3739 3738
f 3801 3738 3737
f 3737 3746 3801
f 3801 3746 3745
f 3801 3745 3802
f 3802 3745 3744
f 3802 3744 3743
f 3802 3743 3803
f 3803 3743 3755
f 3803 3755 3765
f 3765 3755 3754
f 3765 3754 3766
f 3766 3754 3753
f 3766 3753 3767
f 3767 3753 3752
f 3767 3752 3768
f 3768 3752 3751
f 3768 3751 3769
f 3769 3751 3770
f 3770 3751 3762
f 3770 3762 3771
f 3771 3762 3772
f 3772 3762 3761
f 3765 3788 3803
f 3803 3788 3787
f 3803 3787 3804
f 3804 3787 3786
f 3804 3786 3785
f 3785 3784 3804
f 3804 3784 3783
f 3804 3783 3782
f 3782 3781 3804
f 3815 3816 3824
f 3824 3816 3823
f 3823 3816 3817
f 3823 3817 3822
f 3822 3817 3818
f 3822 3818 3821
f 3821 3818 3819
f 3821 3819 3820
f 3825 3826 3832
f 3832 3826 3831
f 3831 3826 3827
f 3831 3827 3830
f 3830 3827 3828
f 3830 3828 3829
f 3829 3828 3815
f 3829 3815 3824
f 3833 3834 3840
f 3840 3834 3839
f 3839 3834 3835
f 3839 3835 3838
f 3838 3835 3836
f 3838 3836 3837
f 3837 3836 3825
f 3837 3825 3832
f 3841 3842 3900
f 3900 3842 3899
f 3899 3842 3843
f 3899 3843 3898
f 3898 3843 3844
f 3898 3844 3897
f 3897 3844 3845
f 3897 3845 3896
f 3896 3845 3846
f 3896 3846 3895
f 3895 3846 3847
f 3895 3847 3894
f 3894 3847 3848
f 3894 3848 3893
f 3893 3848 3849
f 3893 3849 3892
f 3892 3849 3850
f 3892 3850 3891
f 3891 3850 3851
f 3891 3851 3890
f 3890 3851 3852
f 3890 3852 3889
f 3889 3852 3853
f 3889 3853 3888
f 3888 3853 3854
f 3888 3854 3887
f 3887 3854 3855
f 3887 3855 3886
f 3886 3855 3856
f 3886 3856 3885
f 3885 3856 3857
f 3885 3857 3884
f 3884 3857 3858
f 3884 3858 3883
f 3883 3858 3859
f 3883 3859 3882
f 3882 3859 3860
f 3882 3860 3881
f 3881 3860 3861
f 3881 3861 3880
f 3880 3861 3862
f 3880 3862 3879
f 3879 3862 3863
f 3879 3863 3878
f 3878 3863 3864
f 3878 3864 3877
f 3877 3864 3865
f 3877 3865 3876
f 3876 3865 3866
f 3876 3866 3875
f 3875 3866 3867
f 3875 3867 3874
f 3874 3867 3868
f 3874 3868 3873
f 3873 3868 3869
f 3873 3869 3872
f 3872 3869 3870
f 3872 3870 3871
f 3871 3870 3833
f 3871 3833 3840
f 3819 3901 3820
f 3820 3901 3906
f 3906 3901 3902
f 3906 3902 3905
f 3905 3902 3903
f 3905 3903 3904
f 3904 3903 3841
f 3904 3841 3900
f 3906 3893 3820
f 3820 3893 3892
f 3820 3892 3891
f 3893 3906 3894
f 3894 3906 3905
f 3894 3905 3895
f 3895 3905 3896
f 3896 3905 3904
f 3896 3904 3897
f 3897 3904 3898
f 3898 3904 3899
f 3899 3904 3900
f 3890 3832 3891
f 3891 3832 3821
f 3891 3821 3820
f 3889 3880 3890
f 3890 3880 3879
f 3890 3879 3832
f 3832 3879 3878
f 3832 3878 3837
f 3837 3878 3877
f 3837 3877 3876
f 3889 3888 3880
f 3880 3888 3881
f 3881 3888 3887
f 3881 3887 3882
f 3882 3887 3886
f 3882 3886 3883
f 3883 3886 3885
f 3883 3885 3884
f 3876 3875 3837
f 3837 3875 3874
f 3837 3874 3873
f 3837 3873 3838
f 3838 3873 3872
f 3838 3872 3839
f 3839 3872 3871
f 3839 3871 3840
f 3832 3831 3821
f 3821 3831 3822
f 3822 3831 3830
f 3822 3830 3823
f 3823 3830 3829
f 3823 3829 3824
f 3841 3903 3842
f 3842 3903 3843
f 3843 3903 3844
f 3844 3903 3845
f 3845 3903 3902
f 3845 3902 3846
f 3846 3902 3847
f 3847 3902 3901
f 3847 3901 3848
f 3848 3901 3819
f 3848 3819 3849
f 3849 3819 3850
f 3850 3819 3818
f 3850 3818 3825
f 3825 3818 3826
f 3826 3818 3817
f 3826 3817 3827
f 3827 3817 3816
f 3827 3816 3828
f 3828 3816 3815
f 3836 3863 3825
f 3825 3863 3862
f 3825 3862 3851
f 3851 3862 3861
f 3851 3861 3852
f 3852 3861 3853
f 3853 3861 3860
f 3853 3860 3854
f 3854 3860 3859
f 3854 3859 3855
f 3855 3859 3858
f 3855 3858 3856
f 3856 3858 3857
f 3835 3868 3836
f 3836 3868 3867
f 3836 3867 3866
f 3868 3835 3869
f 3869 3835 3834
f 3869 3834 3870
f 3870 3834 3833
f 3866 3865 3836
f 3836 3865 3864
f 3836 3864 3863
f 3851 3850 3825
f 3908 3988 3907
f 3907 3988 3948
f 3907 3948 3947
f 3947 3948 3949
f 3947 3949 3946
f 3946 3949 3950
f 3946 3950 3945
f 3945 3950 3951
f 3945 3951 3944
f 3944 3951 3952
f 3944 3952 3943
f 3943 3952 3953
f 3943 3953 3942
f 3942 3953 3954
f 3942 3954 3941
f 3941 3954 3955
f 3941 3955 3940
f 3940 3955 3956
f 3940 3956 3939
f 3939 3956 3957
f 3939 3957 3938
f 3938 3957 3958
f 3938 3958 3937
f 3937 3958 3959
f 3937 3959 3936
f 3936 3959 3960
f 3936 3960 3935
f 3935 3960 3961
f 3935 3961 3934
f 3934 3961 3962
f 3934 3962 3933
f 3933 3962 3963
f 3933 3963 3932
f 3932 3963 3964
f 3932 3964 3931
f 3931 3964 3965
f 3931 3965 3930
f 3930 3965 3966
f 3930 3966 3929
f 3929 3966 3967
f 3929 3967 3928
f 3928 3967 3968
f 3928 3968 3927
f 3927 3968 3969
f 3927 3969 3926
f 3926 3969 3970
f 3926 3970 3925
f 3925 3970 3971
f 3925 3971 3924
f 3924 3971 3972
f 3924 3972 3923
f 3923 3972 3973
f 3923 3973 3922
f 3922 3973 3974
f 3922 3974 3921
f 3921 3974 3975
f 3921 3975 3920
f 3920 3975 3976
f 3920 3976 3919
f 3919 3976 3977
f 3919 3977 3918
f 3918 3977 3978
f 3918 3978 3917
f 3917 3978 3979
f 3917 3979 3916
f 3916 3979 3980
f 3916 3980 3915
f 3915 3980 3981
f 3915 3981 3914
f 3914 3981 3982
f 3914 3982 3913
f 3913 3982 3983
f 3913 3983 3912
f 3912 3983 3984
f 3912 3984 3911
f 3911 3984 3985
f 3911 3985 3910
f 3910 3985 3986
f 3910 3986 3909
f 3909 3986 3987
f 3909 3987 3908
f 3908 3987 3988
f 3908 3907 3931
f 3931 3907 3947
f 3931 3947 3946
f 3946 3945 3931
f 3931 3945 3944
f 3931 3944 3932
f 3932 3944 3943
f 3932 3943 3933
f 3933 3943 3942
f 3933 3942 3934
f 3934 3942 3941
f 3934 3941 3935
f 3935 3941 3940
f 3935 3940 3936
f 3936 3940 3939
f 3936 3939 3937
f 3937 3939 3938
f 3930 3918 3931
f 3931 3918 3917
f 3931 3917 3916
f 3929 3925 3930
f 3930 3925 3924
f 3930 3924 3923
f 3925 3929 3926
f 3926 3929 3928
f 3926 3928 3927
f 3923 3922 3930
f 3930 3922 3921
f 3930 3921 3920
f 3920 3919 3930
f 3930 3919 3918
f 3916 3915 3931
f 3931 3915 3914
f 3931 3914 3913
f 3913 3912 3931
f 3931 3912 3911
f 3931 3911 3910
f 3910 3909 3931
f 3931 3909 3908
f 3949 3948 3965
f 3965 3948 3988
f 3965 3988 3987
f 3987 3986 3965
f 3965 3986 3985
f 3965 3985 3984
f 3984 3983 3965
f 3965 3983 3982
f 3965 3982 3981
f 3981 3980 3965
f 3965 3980 3979
f 3965 3979 3978
f 3965 3978 3966
f 3966 3978 3977
f 3966 3977 3976
f 3976 3975 3966
f 3966 3975 3974
f 3966 3974 3973
f 3973 3972 3966
f 3966 3972 3971
f 3966 3971 3967
f 3967 3971 3970
f 3967 3970 3968
f 3968 3970 3969
f 3964 3952 3965
f 3965 3952 3951
f 3965 3951 3950
f 3952 3964 3953
f 3953 3964 3963
f 3953 3963 3954
f 3954 3963 3962
f 3954 3962 3955
f 3955 3962 3961
f 3955 3961 3956
f 3956 3961 3960
f 3956 3960 3957
f 3957 3960 3959
f 3957 3959 3958
f 3950 3949 3965

